date,meantemp,humidity,wind_speed,meanpressure,,,,,,
01/01/2013,10,84.5,0,1015.67,,,,,,
02/01/2013,7.4,92,2.98,1017.8,,,,,,
03/01/2013,7.17,87,4.63,1018.67,,,,,,
04/01/2013,8.67,71.33,1.23,1017.17,,,,,,
05/01/2013,6,86.83,3.7,1016.5,,,,,,
06/01/2013,7,82.8,1.48,1018,,,,,,
07/01/2013,7,78.6,6.3,1020,,,,,,
08/01/2013,8.86,63.71,7.14,1018.71,,,,,,
09/01/2013,14,51.25,12.5,1017,,HIGHEST,38.71,100,42.22,7679.33
10/01/2013,11,62,7.4,1015.67,,,,,,
11/01/2013,15.71,51.29,10.57,1016.14,,LOWEST,6,13.43,0,-3.04
12/01/2013,14,74,13.23,1015.57,,,,,,
13/01/2013,15.83,75.17,4.63,1013.33,,AVERAGE,25.22180838,,,
14/01/2013,12.83,88.17,0.62,1015.17,,,,,,
15/01/2013,14.71,71.86,0.53,1015.86,,,,,,
16/01/2013,13.83,86.67,0,1016.67,,,,,,
17/01/2013,16.5,80.83,5.25,1015.83,,,,,,
18/01/2013,13.83,92.17,8.95,1014.5,,,,,,
19/01/2013,12.5,76.67,5.88,1021.67,,,,,,
20/01/2013,11.29,75.29,8.47,1020.29,,,,,,
21/01/2013,11.2,77,2.22,1021,,,,,,
22/01/2013,9.5,79.67,3.08,1021.8,,,,,,
23/01/2013,14,60.17,4.02,1020.5,,,,,,
24/01/2013,13.83,60.67,6.17,1020.5,,,,,,
25/01/2013,12.25,67,5.55,1020.75,,,,,,
26/01/2013,12.67,64.17,6.8,1019.67,,,,,,
27/01/2013,12.86,65.57,5.56,1018.14,,,,,,
28/01/2013,14.83,56,3.7,1017.83,,,,,,
29/01/2013,14.12,65.5,3.24,1016.62,,,,,,
30/01/2013,14.71,70.43,1.06,1017.86,,,,,,
31/01/2013,16.2,65.6,2.96,1018.4,,,,,,
01/02/2013,16,73,2.22,1016,,,,,,
02/02/2013,16.29,77.57,1.33,1017.14,,,,,,
03/02/2013,18,65.57,1.86,1015.29,,,,,,
04/02/2013,17.43,74.29,11.11,1014.57,,,,,,
05/02/2013,16.62,92.38,9.73,1016.38,,,,,,
06/02/2013,16.67,71.33,8.63,1018.67,,,,,,
07/02/2013,15.6,59.4,10.74,1018.6,,,,,,
08/02/2013,14,70.43,9.26,1017.14,,,,,,
09/02/2013,15.43,61.29,9.26,1016.86,,,,,,
10/02/2013,15.25,71.5,3.47,1017.12,,,,,,
11/02/2013,15.88,70.5,5.32,1016.5,,,,,,
12/02/2013,15.33,70.33,7.42,1017.5,,,,,,
13/02/2013,16.29,70.14,6.09,1016,,,,,,
14/02/2013,17.33,63.83,4.33,1014.17,,,,,,
15/02/2013,19.17,65.33,10.18,1011.67,,,,,,
16/02/2013,14.43,92.71,8.49,1008,,,,,,
17/02/2013,13.67,90,0,1012.67,,,,,,
18/02/2013,15.6,78.4,12.22,1016.2,,,,,,
19/02/2013,15.86,82,5.81,1015.71,,,,,,
20/02/2013,17.71,74.71,5.81,1017,,,,,,
21/02/2013,20,67.29,6.61,1015.43,,,,,,
22/02/2013,20.5,65.62,10.88,1016,,,,,,
23/02/2013,17.43,74.86,9.26,1017,,,,,,
24/02/2013,16.86,78.86,7.4,1018.86,,,,,,
25/02/2013,16.88,72.88,4.64,1018.25,,,,,,
26/02/2013,17.86,70,17.59,1015.14,,,,,,
27/02/2013,20.8,57.2,6.66,1015.2,,,,,,
28/02/2013,19.43,52.86,12.96,1017.43,,,,,,
01/03/2013,17.33,49.33,24.07,1016.33,,,,,,
02/03/2013,19,54,15.72,1016.25,,,,,,
03/03/2013,19.33,62.83,8.63,1016.17,,,,,,
04/03/2013,17.6,71,5.56,1015.8,,,,,,
05/03/2013,20.88,61.88,4.16,1016.38,,,,,,
06/03/2013,20.86,65.29,6.87,1015.71,,,,,,
07/03/2013,23.43,57.14,8.73,1015.29,,,,,,
08/03/2013,24.17,44.83,7.1,1014.83,,,,,,
09/03/2013,25.43,49.71,5.29,1009.29,,,,,,
10/03/2013,23.14,57.57,4.23,1008,,,,,,
11/03/2013,24,66.33,0.93,1011.17,,,,,,
12/03/2013,23.5,62.5,4.93,1011.5,,,,,,
13/03/2013,21.5,70.5,5.55,1009,,,,,,
14/03/2013,22.33,61.17,12.03,1013.17,,,,,,
15/03/2013,24.17,45.83,7.72,1016.17,,,,,,
16/03/2013,20.33,67.67,3.7,1016.17,,,,,,
17/03/2013,22.67,58.67,8.95,1015,,,,,,
18/03/2013,23.43,58.14,17.46,1009.43,,,,,,
19/03/2013,22.5,73.67,10.48,1011,,,,,,
20/03/2013,29.17,36.33,6.8,1009.5,,,,,,
21/03/2013,23.83,58.5,10.5,1008.33,,,,,,
22/03/2013,25.25,50.25,9.71,1006.38,,,,,,
23/03/2013,27.38,50.12,9.95,1007.62,,,,,,
24/03/2013,27,48.75,10.89,1010.25,,,,,,
25/03/2013,23.5,45.5,15.96,1010.62,,,,,,
26/03/2013,24.14,44.57,12.96,1008.86,,,,,,
27/03/2013,21,62,1.85,1009,,,,,,
28/03/2013,22.43,62.71,7.41,1009.57,,,,,,
29/03/2013,21.25,70.38,5.55,1009.75,,,,,,
30/03/2013,23.5,54.75,11.11,1008.62,,,,,,
31/03/2013,23.2,58,6.66,1008.6,,,,,,
01/04/2013,25.38,45.5,4.4,1008.5,,,,,,
02/04/2013,25.17,51,8.65,1009.5,,,,,,
03/04/2013,26.2,45.6,8.14,1009,,,,,,
04/04/2013,24.6,41.8,11.12,1007.8,,,,,,
05/04/2013,25.6,31,15.56,1007,,,,,,
06/04/2013,25.86,29.86,11.9,1006.14,,,,,,
07/04/2013,29.14,23.29,10.31,1005,,,,,,
08/04/2013,28.71,33.86,5.3,1006,,,,,,
09/04/2013,30.17,30.5,8.65,1005.33,,,,,,
10/04/2013,30,28,6.1,1006.71,,,,,,
11/04/2013,30,24.2,7.78,1006.4,,,,,,
12/04/2013,28.86,32.57,6.34,1007.57,,,,,,
13/04/2013,30.2,29.2,10,1008.4,,,,,,
14/04/2013,28.25,39.38,6.49,1007,,,,,,
15/04/2013,28.25,41.38,6.25,1003.88,,,,,,
16/04/2013,32.12,24.62,10.42,1000,,,,,,
17/04/2013,29.2,24.2,6.66,1002.2,,,,,,
18/04/2013,30.29,30.29,4.76,1002.86,,,,,,
19/04/2013,28.29,31.29,3.97,1002.57,,,,,,
20/04/2013,30.62,29,7.64,1003.38,,,,,,
21/04/2013,27.67,38.67,13.88,1006.83,,,,,,
22/04/2013,27.38,45.38,7.65,1010,,,,,,
23/04/2013,28.62,44.12,4.63,1009.88,,,,,,
24/04/2013,30.29,41.71,2.11,1008.57,,,,,,
25/04/2013,31.14,38.29,3.7,1007.71,,,,,,
26/04/2013,29.88,45.88,6.71,1008.38,,,,,,
27/04/2013,31.14,31.43,13.49,1007,,,,,,
28/04/2013,30.57,28,12.97,1005.43,,,,,,
29/04/2013,32.12,26.38,7.88,1004.88,,,,,,
30/04/2013,31.14,32,7.93,1004.86,,,,,,
01/05/2013,31.86,15.86,12.69,1002.83,,,,,,
02/05/2013,29.83,22.17,11.43,1001.2,,,,,,
03/05/2013,28.57,31.57,9,999.43,,,,,,
04/05/2013,32.86,31.43,2.91,999,,,,,,
05/05/2013,32.62,31.12,3.01,1000.62,,,,,,
06/05/2013,32.75,39.25,3.7,1001.62,,,,,,
07/05/2013,32.88,33.25,7.18,1002,,,,,,
08/05/2013,34.5,23,9.25,1001.17,,,,,,
09/05/2013,34.29,26,8.99,1000.86,,,,,,
10/05/2013,34,27.71,9.53,1000.14,,,,,,
11/05/2013,30.75,30.38,14.81,999.88,,,,,,
12/05/2013,29.86,40.14,5.83,1003.71,,,,,,
13/05/2013,31.71,34,3.97,1003.57,,,,,,
14/05/2013,32.29,34.29,4.77,1001.57,,,,,,
15/05/2013,33,33,3.24,999.86,,,,,,
16/05/2013,33,34.75,7.18,998.5,,,,,,
17/05/2013,32.83,28.17,9.87,1000.33,,,,,,
18/05/2013,31.4,42.2,12.97,999,,,,,,
19/05/2013,35.33,22.33,15.75,999.67,,,,,,
20/05/2013,36.4,24.2,7.4,998.4,,,,,,
21/05/2013,36,19,11.37,998.67,,,,,,
22/05/2013,36.75,22.12,17.59,998.62,,,,,,
23/05/2013,37.5,23.33,13.57,997.17,,,,,,
24/05/2013,38.43,27.43,11.39,996.43,,,,,,
25/05/2013,38.71,22.43,10.31,998.14,,,,,,
26/05/2013,37.8,21.2,10.74,998.2,,,,,,
27/05/2013,35.86,31.57,8.73,999.14,,,,,,
28/05/2013,35.33,29,8.33,1000.17,,,,,,
29/05/2013,34.14,27.86,5.56,999.43,,,,,,
30/05/2013,32.2,28.2,5.56,999.6,,,,,,
31/05/2013,33.62,40.12,10.64,998.71,,,,,,
01/06/2013,32,54,13.44,998.75,,,,,,
02/06/2013,32.4,56.6,14.2,1001,,,,,,
03/06/2013,35.6,47,12.24,999.6,,,,,,
04/06/2013,35.86,42.57,5.03,999.86,,,,,,
05/06/2013,37.17,36.5,9.87,998,,,,,,
06/06/2013,31.29,61.71,10.04,997.29,,,,,,
07/06/2013,34,49.25,7.41,998,,,,,,
08/06/2013,34.2,57.4,13.34,997,,,,,,
09/06/2013,36.17,40,11.42,995.17,,,,,,
10/06/2013,36.62,42.75,8.1,995.12,,,,,,
11/06/2013,30.17,61.67,16.35,1000,,,,,,
12/06/2013,34.14,54.14,7.41,998,,,,,,
13/06/2013,29.83,68.67,9.87,998.67,,,,,,
14/06/2013,30.14,68.14,7.94,997.43,,,,,,
15/06/2013,30.71,65,13.23,997.86,,,,,,
16/06/2013,27,88.86,8.49,996.43,,,,,,
17/06/2013,26.88,87.38,8.34,994.75,,,,,,
18/06/2013,28.4,83.6,5.18,996.4,,,,,,
19/06/2013,29.86,72.86,4.23,999,,,,,,
20/06/2013,33,52.71,4.77,997.17,,,,,,
21/06/2013,34.83,47.33,5.87,995.33,,,,,,
22/06/2013,35.6,39.4,10.74,996.2,,,,,,
23/06/2013,35.17,53,8.35,995.67,,,,,,
24/06/2013,33.14,55,13.23,996.29,,,,,,
25/06/2013,30.57,70.43,11.11,999.17,,,,,,
26/06/2013,30.67,71.5,6.48,999,,,,,,
27/06/2013,31.43,61.86,7.96,996.71,,,,,,
28/06/2013,31.5,64.25,8.81,996,,,,,,
29/06/2013,33.25,57,13.88,995.25,,,,,,
30/06/2013,32.83,52.17,10.5,997.17,,,,,,
01/07/2013,33.86,54,8.73,996.43,,,,,,
02/07/2013,33.14,58.29,9.8,996,,,,,,
03/07/2013,31.57,70,6.36,997.57,,,,,,
04/07/2013,32.38,67.5,9.25,997,,,,,,
05/07/2013,32.8,62.2,12.96,997.8,,,,,,
06/07/2013,31,73.14,11.37,1000.57,,,,,,
07/07/2013,31.17,77.33,7.1,1000.17,,,,,,
08/07/2013,29.83,75.17,6.48,997.5,,,,,,
09/07/2013,29,78.83,8.02,996.83,,,,,,
10/07/2013,29.75,75.38,6.49,995.75,,,,,,
11/07/2013,32.5,65.5,7.12,997.33,,,,,,
12/07/2013,28.88,86.62,5.56,1000,,,,,,
13/07/2013,31.75,70.25,12.06,998.88,,,,,,
14/07/2013,30.75,71.62,4.81,997.38,,,,,,
15/07/2013,31.75,73.25,13.54,998.38,,,,,,
16/07/2013,29.88,83.88,9,999,,,,,,
17/07/2013,31.12,78.38,8.65,998,,,,,,
18/07/2013,31.75,76,5.55,995,,,,,,
19/07/2013,30.5,73.5,9.27,995.33,,,,,,
20/07/2013,26.83,90.67,4.93,999.17,,,,,,
21/07/2013,28.2,88,2.24,996.4,,,,,,
22/07/2013,29.5,80.33,4.33,996.83,,,,,,
23/07/2013,31.86,70.71,3.97,998,,,,,,
24/07/2013,29.71,84.14,3.97,997.14,,,,,,
25/07/2013,28.33,84.5,8.02,995.17,,,,,,
26/07/2013,30,73.86,5.57,995.43,,,,,,
27/07/2013,30.14,79,4.23,997.29,,,,,,
28/07/2013,32.29,67.43,6.09,998.14,,,,,,
29/07/2013,31,77.43,4.77,997.14,,,,,,
30/07/2013,30.5,75.67,8.02,996.5,,,,,,
31/07/2013,28.83,78.5,9.87,996.67,,,,,,
01/08/2013,30,73.5,5.55,998,,,,,,
02/08/2013,31.57,66.43,11.11,999.43,,,,,,
03/08/2013,32.5,62.33,10.82,1000.83,,,,,,
04/08/2013,32.5,62.5,5.1,993.25,,,,,,
05/08/2013,29.5,77,6.78,1001,,,,,,
06/08/2013,27.17,90.67,4.02,1002.17,,,,,,
07/08/2013,28.38,85.25,3.25,1001.88,,,,,,
08/08/2013,28.5,84,6.17,1000.5,,,,,,
09/08/2013,27.17,87.5,3.72,1001,,,,,,
10/08/2013,29.43,79.86,6.1,1000.33,,,,,,
11/08/2013,30,76.83,6.8,1001.17,,,,,,
12/08/2013,29.5,81.5,8.35,1001,,,,,,
13/08/2013,30.75,72,11.12,999.25,,,,,,
14/08/2013,29.67,74.33,9.87,999.83,,,,,,
15/08/2013,27.71,85,8.2,1001.71,,,,,,
16/08/2013,26.6,92,4.46,1000.8,,,,,,
17/08/2013,27.43,91,14.29,999.43,,,,,,
18/08/2013,28.33,83.83,1.23,1000.17,,,,,,
19/08/2013,28.17,84.67,5.55,1000.5,,,,,,
20/08/2013,27.38,88.5,5.32,999,,,,,,
21/08/2013,28.33,81.17,10.31,999.29,,,,,,
22/08/2013,29.17,74.83,6.48,1001.17,,,,,,
23/08/2013,31.29,73.14,2.64,1001.43,,,,,,
24/08/2013,32,71.25,18.52,1000.33,,,,,,
25/08/2013,29,90.75,0.92,998.75,,,,,,
26/08/2013,32,69.88,6.48,997.86,,,,,,
27/08/2013,32.14,57.29,17.07,999.86,,,,,,
28/08/2013,30.14,60.71,11.64,1003.71,,,,,,
29/08/2013,31.5,57,9.28,1003.25,,,,,,
30/08/2013,29.17,73,3.1,1003.5,,,,,,
31/08/2013,29,71.75,4.65,1003.25,,,,,,
01/09/2013,30,65.2,11.48,1003.2,,,,,,
02/09/2013,31.86,50.86,15.34,1003.71,,,,,,
03/09/2013,32.75,45.5,14.8,1001.5,,,,,,
04/09/2013,31.71,48,14.54,1002.17,,,,,,
05/09/2013,31.67,46,13.57,1001.5,,,,,,
06/09/2013,30.57,55.71,10.04,1003.43,,,,,,
07/09/2013,30.83,51.83,6.78,1004.17,,,,,,
08/09/2013,28,71.75,2.32,1007.25,,,,,,
09/09/2013,31,57.5,42.22,1007,,,,,,
10/09/2013,29.67,66.33,3.7,1005.33,,,,,,
11/09/2013,30.86,61.14,3.97,1005.57,,,,,,
12/09/2013,31.17,60.33,2.78,1008.17,,,,,,
13/09/2013,31.14,67.14,3.17,1007.14,,,,,,
14/09/2013,30.5,67,2.78,1003.83,,,,,,
15/09/2013,31.62,56.38,3.94,1001.38,,,,,,
16/09/2013,29.67,60,7.1,1002.33,,,,,,
17/09/2013,29.25,56.5,3.48,1002.88,,,,,,
18/09/2013,29.14,58.57,5.56,1003.14,,,,,,
19/09/2013,29.8,61.6,2.96,1001.8,,,,,,
20/09/2013,28.67,70,9.58,1003,,,,,,
21/09/2013,25.2,89,5.18,1003,,,,,,
22/09/2013,28.33,79.67,3.08,1001.67,,,,,,
23/09/2013,30.29,68,4.5,1001,,,,,,
24/09/2013,30.75,65.75,5.79,1002.75,,,,,,
25/09/2013,28.57,75,6.61,1005.43,,,,,,
26/09/2013,28.2,78.8,4.08,1006.6,,,,,,
27/09/2013,29,71.25,7.41,1005.62,,,,,,
28/09/2013,30,67.33,1.23,1005.33,,,,,,
29/09/2013,28.14,79.86,5.56,1003.86,,,,,,
30/09/2013,26.86,84.57,4.23,1004.71,,,,,,
01/10/2013,28.29,68.71,6.37,1007.71,,,,,,
02/10/2013,29.2,61.4,7.42,1010,,,,,,
03/10/2013,28.6,59,7.4,1008.6,,,,,,
04/10/2013,24.83,84.33,6.78,1007.5,,,,,,
05/10/2013,28.5,69,2.09,1004.12,,,,,,
06/10/2013,29.75,66.5,1.85,1005.25,,,,,,
07/10/2013,29.71,66.57,1.59,1008.86,,,,,,
08/10/2013,29.2,69.4,0,1009.8,,,,,,
09/10/2013,30.83,65.5,5.57,1010.33,,,,,,
10/10/2013,29.43,66.29,3.97,1010.86,,,,,,
11/10/2013,23.86,89.86,4.24,1010.57,,,,,,
12/10/2013,26.14,82.57,2.91,1008.29,,,,,,
13/10/2013,27.17,84.33,0.62,1007.67,,,,,,
14/10/2013,27.71,74.86,5.56,1007,,,,,,
15/10/2013,25.86,76.43,3.7,1009.14,,,,,,
16/10/2013,26.43,75,0,1009,,,,,,
17/10/2013,26.86,76.71,1.06,1010.43,,,,,,
18/10/2013,26.33,73.17,0,1010.5,,,,,,
19/10/2013,24.57,69.57,2.11,1011.57,,,,,,
20/10/2013,24.33,67.83,1.55,1010.67,,,,,,
21/10/2013,24.88,63.62,1.39,1009.88,,,,,,
22/10/2013,27.8,53.6,0,1011,,,,,,
23/10/2013,25,67.5,1.16,1013.62,,,,,,
24/10/2013,23.86,73.14,1.06,1013.29,,,,,,
25/10/2013,22.8,75.8,1.86,1011,,,,,,
26/10/2013,23,78.2,0.74,1011.2,,,,,,
27/10/2013,22.88,66.88,2.55,1010.62,,,,,,
28/10/2013,22.67,63.17,4.93,1010,,,,,,
29/10/2013,23,62.71,3.97,1011.14,,,,,,
30/10/2013,22.86,67.43,2.39,1012.86,,,,,,
31/10/2013,23.67,58.83,3.08,1012.83,,,,,,
01/11/2013,23.43,69.14,1.06,1013.29,,,,,,
02/11/2013,21.62,65,4.64,1014.5,,,,,,
03/11/2013,20.62,57.88,5.56,1016,,,,,,
04/11/2013,21.17,54.17,2.47,1017.5,,,,,,
05/11/2013,18.83,74.33,0,1017.5,,,,,,
06/11/2013,20.57,66.71,3.19,1015.86,,,,,,
07/11/2013,20.14,73.14,4.5,1015.67,,,,,,
08/11/2013,18,82.2,19.91,1015.62,,,,,,
09/11/2013,19.86,73.57,0.53,1016.71,,,,,,
10/11/2013,16.83,72,2.47,1016,,,,,,
11/11/2013,18.86,61.86,5.81,1013.43,,,,,,
12/11/2013,16.57,71.71,0.8,1013.86,,,,,,
13/11/2013,17.75,65,3.01,1014.25,,,,,,
14/11/2013,17.62,63.38,3.48,1015.25,,,,,,
15/11/2013,17,67,0.92,1016.5,,,,,,
16/11/2013,16.62,69.62,0,1018,,,,,,
17/11/2013,15.57,67.43,2.39,1017.71,,,,,,
18/11/2013,18.5,55.12,7.41,1016.88,,,,,,
19/11/2013,17.88,63.5,7.18,1015.5,,,,,,
20/11/2013,18.25,58.88,2.55,1012.75,,,,,,
21/11/2013,17.88,66.25,2.09,1013.12,,,,,,
22/11/2013,17.62,74.88,1.16,1015.75,,,,,,
23/11/2013,18.14,77.86,0.8,1014.57,,,,,,
24/11/2013,19.12,58.88,5.09,1014.5,,,,,,
25/11/2013,21.25,49.88,9.5,1012.88,,,,,,
26/11/2013,21.25,51.38,9.75,1011.75,,,,,,
27/11/2013,19.12,68.5,2.79,1014.75,,,,,,
28/11/2013,18.62,71.88,1.85,1017.75,,,,,,
29/11/2013,17.75,66.62,4.86,1016.88,,,,,,
30/11/2013,17.88,69.62,11.81,1015.88,,,,,,
01/12/2013,18,65,1.59,1016.14,,,,,,
02/12/2013,17.25,73.25,1.85,1015.88,,,,,,
03/12/2013,17.5,73.5,1.39,1016.75,,,,,,
04/12/2013,17.14,71.86,4.23,1017,,,,,,
05/12/2013,17.14,69,6.89,1015.29,,,,,,
06/12/2013,16.12,72.38,3.71,1014,,,,,,
07/12/2013,16,80.5,1.16,1014.25,,,,,,
08/12/2013,16.5,83.62,0,1014,,,,,,
09/12/2013,16.12,79.25,2.31,1013.5,,,,,,
10/12/2013,15.5,81.75,2.55,1013.75,,,,,,
11/12/2013,16.62,71.88,6.48,1014.12,,,,,,
12/12/2013,17.75,62.38,16.9,1012.5,,,,,,
13/12/2013,17.14,67.71,11.63,1012,,,,,,
14/12/2013,16.14,79,0.8,1012.57,,,,,,
15/12/2013,15.5,86.25,2.55,1015.12,,,,,,
16/12/2013,15.25,89.5,1.16,1015.62,,,,,,
17/12/2013,14.75,92.88,0.92,1014.25,,,,,,
18/12/2013,14.88,93,2.09,1012.62,,,,,,
19/12/2013,16.12,89.12,3.25,1012.88,,,,,,
20/12/2013,15.38,91.38,4.41,1016,,,,,,
21/12/2013,14.75,94,0.46,1017,,,,,,
22/12/2013,15.25,94,1.39,1018.38,,,,,,
23/12/2013,14.25,88.25,9.02,1020.5,,,,,,
24/12/2013,13.5,84.75,5.79,1021.38,,,,,,
25/12/2013,13.67,63.17,34.49,1020.62,,,,,,
26/12/2013,12.12,67.62,4.4,1019.25,,,,,,
27/12/2013,11.88,79.88,1.16,1018.62,,,,,,
28/12/2013,10.88,70,5.32,1019.25,,,,,,
29/12/2013,10.57,69.43,5.32,1018.5,,,,,,
30/12/2013,12.38,79.5,6.48,1018.12,,,,,,
31/12/2013,14.5,89.38,4.86,1020.5,,,,,,
01/01/2014,13.38,89.62,7.65,1021,,,,,,
02/01/2014,11,78.38,8.1,1020.25,,,,,,
03/01/2014,12.5,74.88,5.32,1017.75,,,,,,
04/01/2014,12.88,88.12,1.16,1016.25,,,,,,
05/01/2014,12.38,89,0.46,1014.5,,,,,,
06/01/2014,11.43,86.29,27.34,1017.62,,,,,,
07/01/2014,12.14,72.29,20.6,1017.75,,,,,,
08/01/2014,11.88,76.88,1.85,1017.88,,,,,,
09/01/2014,12.83,83,1.23,1017,,,,,,
10/01/2014,12.38,85.38,0,1016.62,,,,,,
11/01/2014,12.12,82.62,6.73,1019.62,,,,,,
12/01/2014,12.88,80.88,3.25,1020.75,,,,,,
13/01/2014,14,72.38,1.16,1019.38,,,,,,
14/01/2014,14.88,76.75,2.79,1017,,,,,,
15/01/2014,12,93.5,0.46,1019.75,,,,,,
16/01/2014,12.29,90.57,1.59,1019.57,,,,,,
17/01/2014,12,95.75,1.16,1017.62,,,,,,
18/01/2014,12.5,94.25,1.85,1020.25,,,,,,
19/01/2014,14.5,84.5,3.47,1023,,,,,,
20/01/2014,14.62,83.5,4.41,1021.38,,,,,,
21/01/2014,13.57,96.86,7.17,1020.57,,,,,,
22/01/2014,15.25,96.12,6.71,1019.88,,,,,,
23/01/2014,15.62,90.12,6.71,1020.25,,,,,,
24/01/2014,13.88,88.88,8.11,1019.25,,,,,,
25/01/2014,11.75,95.62,8.34,1019.75,,,,,,
26/01/2014,14.38,85.75,8.81,1019.12,,,,,,
27/01/2014,16.62,72.38,9.95,1018.75,,,,,,
28/01/2014,16.62,69.88,7.41,1016.75,,,,,,
29/01/2014,14.88,81.88,4.63,1018.62,,,,,,
30/01/2014,14.5,83.25,0.92,1019.38,,,,,,
31/01/2014,14.75,82.5,3.01,1019.25,,,,,,
01/02/2014,14,79.38,2.55,1019.75,,,,,,
02/02/2014,15.25,76.12,1.85,1016.88,,,,,,
03/02/2014,18.43,63.86,12.29,1014.12,,,,,,
04/02/2014,18.86,65.43,13.42,1011,,,,,,
05/02/2014,17,72.75,1.62,1011.5,,,,,,
06/02/2014,18.5,65.38,6.01,1010.88,,,,,,
07/02/2014,19.62,67.25,15.05,1009.25,,,,,,
08/02/2014,13.62,85.38,8.11,1011.38,,,,,,
09/02/2014,12.88,63.38,9.26,1012,,,,,,
10/02/2014,12.62,61.75,3.7,1012.5,,,,,,
11/02/2014,13.38,64.62,3.7,1013.5,,,,,,
12/02/2014,13.25,67,9.26,1013.5,,,,,,
13/02/2014,15.25,64.5,4.88,1013.62,,,,,,
14/02/2014,13,95.5,5.34,1011.88,,,,,,
15/02/2014,12.38,89.5,3.94,1012.88,,,,,,
16/02/2014,13.5,79,8.79,1016,,,,,,
17/02/2014,15.12,66.12,12.72,1017.75,,,,,,
18/02/2014,15.25,60.12,8.8,1017.38,,,,,,
19/02/2014,15.12,75.38,1.85,1016.62,,,,,,
20/02/2014,16.12,78.62,1.86,1014.75,,,,,,
21/02/2014,17.12,72.25,8.79,1014.25,,,,,,
22/02/2014,16.62,85.62,6.25,1017.38,,,,,,
23/02/2014,16.5,80,7.89,1019.38,,,,,,
24/02/2014,16.38,69.38,5.34,1018.62,,,,,,
25/02/2014,18.12,69,0.92,1017.25,,,,,,
26/02/2014,18.75,71.12,2.09,1014.25,,,,,,
27/02/2014,18.62,76.62,7.18,1013.12,,,,,,
28/02/2014,15.62,88.38,5.8,1013.12,,,,,,
01/03/2014,16.14,87.29,4.24,1015.29,,,,,,
02/03/2014,16.12,79,5.79,1017.12,,,,,,
03/03/2014,17.88,65.62,3.7,1016.25,,,,,,
04/03/2014,18.75,66.38,3.71,1016.5,,,,,,
05/03/2014,18.88,67,5.33,1016.12,,,,,,
06/03/2014,18.38,64,4.64,1016.38,,,,,,
07/03/2014,18.5,62.88,6.71,1017.12,,,,,,
08/03/2014,19.88,63.88,9.96,1017,,,,,,
09/03/2014,22,56.62,7.65,1014.5,,,,,,
10/03/2014,20,63.88,10.89,1014.38,,,,,,
11/03/2014,20.71,70,15.6,1013.71,,,,,,
12/03/2014,20,68.88,6.49,1016.25,,,,,,
13/03/2014,19,60.62,9.95,1016.25,,,,,,
14/03/2014,19.62,61.25,5.8,1015,,,,,,
15/03/2014,21.62,62.62,2.79,1016.38,,,,,,
16/03/2014,23.12,58.5,6.25,1015.38,,,,,,
17/03/2014,26.25,52.12,6.71,1011.25,,,,,,
18/03/2014,24.86,53.43,9.8,1012.86,,,,,,
19/03/2014,21.75,57.38,10.19,1013.25,,,,,,
20/03/2014,21.5,55,7.4,1010.75,,,,,,
21/03/2014,22.5,64.75,5.34,1007.12,,,,,,
22/03/2014,25,59.5,3.01,1007,,,,,,
23/03/2014,22.75,61.88,9.02,1010.62,,,,,,
24/03/2014,22.38,73.12,9.49,1011.62,,,,,,
25/03/2014,24.62,60.25,2.78,1010.5,,,,,,
26/03/2014,25.12,58.88,2.78,1010.62,,,,,,
27/03/2014,23.5,63.25,4.89,1011.75,,,,,,
28/03/2014,24.43,67.57,4.5,1011.14,,,,,,
29/03/2014,25.88,55.62,8.35,1011.25,,,,,,
30/03/2014,24.12,46.75,13.9,1009.88,,,,,,
31/03/2014,24.12,44.12,13.2,1008.25,,,,,,
01/04/2014,24.88,45.75,9.71,1006.12,,,,,,
02/04/2014,26.75,43.38,7.18,1005.75,,,,,,
03/04/2014,25,48,10.42,1010.38,,,,,,
04/04/2014,25.86,47.86,11.91,1009.86,,,,,,
05/04/2014,27.38,44,9.26,1008.88,,,,,,
06/04/2014,30.12,45.25,6.71,1007.5,,,,,,
07/04/2014,27.25,47.62,12.96,1009.62,,,,,,
08/04/2014,25.75,41.88,12.72,1010.38,,,,,,
09/04/2014,25.75,35.25,12.74,1010.25,,,,,,
10/04/2014,26.38,29.25,12.5,1010.88,,,,,,
11/04/2014,28.14,29,10.06,1008.57,,,,,,
12/04/2014,29.12,39.88,5.1,1007.12,,,,,,
13/04/2014,26.88,40.38,15.51,1009.62,,,,,,
14/04/2014,27.62,46.62,5.35,1010.62,,,,,,
15/04/2014,29,48.12,2.55,1009.12,,,,,,
16/04/2014,27.12,53.62,4.4,1008.25,,,,,,
17/04/2014,26.38,49.62,9.25,1007,,,,,,
18/04/2014,24.25,64.38,14.34,1011.62,,,,,,
19/04/2014,25.62,57.88,5.1,1011.38,,,,,,
20/04/2014,27,48,4.64,1010.5,,,,,,
21/04/2014,28,33.12,8.81,1010,,,,,,
22/04/2014,29.38,29.38,12.5,1011.75,,,,,,
23/04/2014,29.12,37,6.02,1009,,,,,,
24/04/2014,29.38,35.88,7.88,1005.88,,,,,,
25/04/2014,30.62,34.38,8.11,1006.12,,,,,,
26/04/2014,31.5,32,8.11,1006.38,,,,,,
27/04/2014,30.62,30,8.35,1007.12,,,,,,
28/04/2014,31.5,27.88,10.19,1005.62,,,,,,
29/04/2014,32.12,28.88,8.32,1003.88,,,,,,
30/04/2014,33.25,25.5,5.34,1003.75,,,,,,
01/05/2014,34.88,22.5,9.74,1001.5,,,,,,
02/05/2014,34.38,24.75,6.49,1001.88,,,,,,
03/05/2014,31.75,33.38,6.48,1003.62,,,,,,
04/05/2014,31.88,34.38,5.8,1003,,,,,,
05/05/2014,29.75,53.25,9.04,1005.75,,,,,,
06/05/2014,29.57,51.14,6.89,1006.86,,,,,,
07/05/2014,31.75,48.62,1.85,1004.25,,,,,,
08/05/2014,31.38,43,10.66,1002.62,,,,,,
09/05/2014,30.5,39.62,6.49,1000.43,,,,,,
10/05/2014,30,37.62,7.89,1000.75,,,,,,
11/05/2014,29.62,40.38,7.65,1004,,,,,,
12/05/2014,28,53.38,10.89,1004.88,,,,,,
13/05/2014,25.25,65.75,9.96,1008.38,,,,,,
14/05/2014,26.88,55.25,8.58,1006.5,,,,,,
15/05/2014,29.5,39.88,11.12,1004.25,,,,,,
16/05/2014,31.12,40.25,9.49,1003.5,,,,,,
17/05/2014,29.88,47.62,7.18,1007,,,,,,
18/05/2014,31.5,35.38,13.9,1007.38,,,,,,
19/05/2014,32.38,29.5,11.58,1006.62,,,,,,
20/05/2014,31.12,34,7.64,1006.62,,,,,,
21/05/2014,33,32.5,9.71,1002.12,,,,,,
22/05/2014,33.25,33.38,11.11,999.5,,,,,,
23/05/2014,34.62,32.75,19.45,1000,,,,,,
24/05/2014,31.5,50.5,6.72,1004.12,,,,,,
25/05/2014,31.5,43.25,16.44,1005.5,,,,,,
26/05/2014,30.12,54.12,4.18,1007.12,,,,,,
27/05/2014,31.88,49.75,2.55,1004.75,,,,,,
28/05/2014,33.62,44.5,3.95,1001.25,,,,,,
29/05/2014,35.25,40.12,4.4,999.38,,,,,,
30/05/2014,33.12,44.5,11.59,999.57,,,,,,
31/05/2014,34.62,39,6.49,999.62,,,,,,
01/06/2014,32.75,34.25,16.2,1003.25,,,,,,
02/06/2014,32.75,41.38,4.64,1003.25,,,,,,
03/06/2014,34.88,33.62,6.49,1000,,,,,,
04/06/2014,35.25,33.12,7.19,998.12,,,,,,
05/06/2014,36.88,26.88,8.56,996.12,,,,,,
06/06/2014,37.5,27.62,10.2,994.88,,,,,,
07/06/2014,38.5,22.75,13.19,994,,,,,,
08/06/2014,37.62,26.25,6.73,993.12,,,,,,
09/06/2014,37.88,32.12,6.02,993.12,,,,,,
10/06/2014,37.25,20.88,12.04,994.75,,,,,,
11/06/2014,37.62,23.12,14.81,995.62,,,,,,
12/06/2014,32.88,39.25,24.32,997,,,,,,
13/06/2014,30.25,55.12,16.66,997.62,,,,,,
14/06/2014,30.5,66.88,6.49,997.38,,,,,,
15/06/2014,33.88,52,8.1,997.12,,,,,,
16/06/2014,36.38,41.38,10.89,995.62,,,,,,
17/06/2014,36.88,42.12,15.96,994.12,,,,,,
18/06/2014,33.88,58,10.42,994.25,,,,,,
19/06/2014,35.75,47.88,10.89,993.25,,,,,,
20/06/2014,38,36.12,17.82,991.38,,,,,,
21/06/2014,36.88,40.12,9.74,993.88,,,,,,
22/06/2014,34.5,46.75,4.4,996.38,,,,,,
23/06/2014,32.12,49.75,6.71,996.25,,,,,,
24/06/2014,33,46.25,10.19,995.5,,,,,,
25/06/2014,32.25,53.25,13.2,997.62,,,,,,
26/06/2014,32.5,60.38,3.24,1001,,,,,,
27/06/2014,34.75,48.5,9.49,1001.62,,,,,,
28/06/2014,34.88,49,5.79,999.38,,,,,,
29/06/2014,33,57.75,9.71,997.75,,,,,,
30/06/2014,32,67.75,3.25,997.5,,,,,,
01/07/2014,31.38,65.12,6.25,1000.88,,,,,,
02/07/2014,29.5,71.38,5.79,1001.12,,,,,,
03/07/2014,28.88,75.12,5.09,998.29,,,,,,
04/07/2014,31.39,69,4.33,998.78,,,,,,
05/07/2014,34.71,52.06,9.2,1000.71,,,,,,
06/07/2014,30.62,61.12,3.71,1000.5,,,,,,
07/07/2014,34,48.75,5.56,998.25,,,,,,
08/07/2014,35,39.5,9.73,996.88,,,,,,
09/07/2014,36,37.12,13.65,996.5,,,,,,
10/07/2014,36.12,38.75,11.34,996.88,,,,,,
11/07/2014,36.62,38.62,8.79,996.12,,,,,,
12/07/2014,35.88,51.38,5.34,996,,,,,,
13/07/2014,31.62,69.75,6.02,998,,,,,,
14/07/2014,32.38,67.88,6.72,997.12,,,,,,
15/07/2014,33.12,62.62,8.83,996,,,,,,
16/07/2014,32.62,63,10.45,997.25,,,,,,
17/07/2014,30.75,74.25,6.73,996.12,,,,,,
18/07/2014,27.25,83.88,2.55,994.88,,,,,,
19/07/2014,29.88,71,6.25,995.12,,,,,,
20/07/2014,30.88,68.88,6.26,996.75,,,,,,
21/07/2014,32.12,65.5,4.65,996,,,,,,
22/07/2014,31.62,69.75,7.18,997,,,,,,
23/07/2014,30.62,72.88,8.11,997.75,,,,,,
24/07/2014,30.5,63.62,12.04,998.71,,,,,,
25/07/2014,30.75,63.25,9.96,1000.75,,,,,,
26/07/2014,32.5,61.5,7.18,1001.88,,,,,,
27/07/2014,31.71,65.43,6.25,1001.88,,,,,,
28/07/2014,30,75.75,18.05,999.38,,,,,,
29/07/2014,30.25,69.88,5.79,999.25,,,,,,
30/07/2014,31.88,65.75,4.18,999.57,,,,,,
31/07/2014,32.5,65.75,7.42,999.62,,,,,,
01/08/2014,33.25,59.5,6.5,998,,,,,,
02/08/2014,30.12,77.75,0.92,997.12,,,,,,
03/08/2014,31.5,66.25,5.79,995.38,,,,,,
04/08/2014,30.5,69.75,5.1,996.12,,,,,,
05/08/2014,29.75,77.5,1.85,997.5,,,,,,
06/08/2014,32.12,65,5.56,996.88,,,,,,
07/08/2014,31.12,65.38,6.95,997,,,,,,
08/08/2014,31,67.88,6.01,998.38,,,,,,
09/08/2014,29.24,80.47,6.65,1001.65,,,,,,
10/08/2014,28.5,89.91,5.23,1002.16,,,,,,
11/08/2014,31.12,72.12,3.01,999.88,,,,,,
12/08/2014,32.12,57.5,8.34,998.75,,,,,,
13/08/2014,32.12,57.71,20.82,998.25,,,,,,
14/08/2014,30.38,57.5,18.51,997.38,,,,,,
15/08/2014,31.12,54.88,14.59,998.88,,,,,,
16/08/2014,30.43,59.86,8.35,1002.5,,,,,,
17/08/2014,31.38,53.88,7.19,1003.25,,,,,,
18/08/2014,31.88,56.62,5.56,1005.38,,,,,,
19/08/2014,33,52.43,6.89,1004.86,,,,,,
20/08/2014,33.25,47.12,8.79,1002.38,,,,,,
21/08/2014,32.5,43,10.89,1001.25,,,,,,
22/08/2014,33,47.12,8.56,1002.86,,,,,,
23/08/2014,33.12,45.75,9.26,1003.25,,,,,,
24/08/2014,33.12,46.25,11.35,1002.88,,,,,,
25/08/2014,33.88,46.62,7.87,1002.38,,,,,,
26/08/2014,34.12,40.25,9.96,1001.38,,,,,,
27/08/2014,33.86,44.71,8.11,1001.12,,,,,,
28/08/2014,29.62,67.75,6.73,1003.75,,,,,,
29/08/2014,30.38,69.25,3.7,1003.5,,,,,,
30/08/2014,28.62,78.12,4.16,1002.62,,,,,,
31/08/2014,27.62,86.12,4.41,1001.25,,,,,,
01/09/2014,29.43,65.86,15.51,1001.12,,,,,,
02/09/2014,29.25,71,10.42,1001.88,,,,,,
03/09/2014,28.62,77.88,15.04,1001.43,,,,,,
04/09/2014,27.88,80.75,9.28,1000.38,,,,,,
05/09/2014,26.5,85.75,8.34,1000.14,,,,,,
06/09/2014,28.5,76.88,2.09,1002.38,,,,,,
07/09/2014,31,67.62,1.4,1003.25,,,,,,
08/09/2014,31.25,66.38,3.48,1003.12,,,,,,
09/09/2014,31,70.12,1.85,1002.38,,,,,,
10/09/2014,28.75,77.5,4.88,1003.25,,,,,,
11/09/2014,26.57,85.71,17.82,1005.57,,,,,,
12/09/2014,28.5,73,1.62,1005.12,,,,,,
13/09/2014,29.38,68.25,4.16,1004,,,,,,
14/09/2014,29.12,65.5,6.71,1004.25,,,,,,
15/09/2014,29.62,63.12,6.71,1004.25,,,,,,
16/09/2014,30.62,65.12,6.25,1002.25,,,,,,
17/09/2014,30.62,61.88,7.4,1002.12,,,,,,
18/09/2014,30.5,62.38,6.71,1003.88,,,,,,
19/09/2014,31,56.62,4.18,1003.5,,,,,,
20/09/2014,31.12,55.75,4.4,1002.88,,,,,,
21/09/2014,30.5,54.88,5.56,1003.62,,,,,,
22/09/2014,30.62,50,13.44,1004.5,,,,,,
23/09/2014,31,47,30.69,1004.29,,,,,,
24/09/2014,29.62,53,8.1,1006.25,,,,,,
25/09/2014,30,52.5,9.72,1007.75,,,,,,
26/09/2014,30,52.5,5.79,1008.12,,,,,,
27/09/2014,30.5,46.88,8.8,1009.25,,,,,,
28/09/2014,30.25,48.88,7.18,1009.62,,,,,,
29/09/2014,30.5,48.75,7.41,1009.12,,,,,,
30/09/2014,30.62,50.12,6.71,1009.62,,,,,,
01/10/2014,30.43,52.86,3.17,1010.43,,,,,,
02/10/2014,30.38,53.38,2.79,1009.12,,,,,,
03/10/2014,30.5,52.62,1.85,1008,,,,,,
04/10/2014,31,53.5,0,1008.5,,,,,,
05/10/2014,30.62,56.12,0,1010.38,,,,,,
06/10/2014,30.62,56.75,0,1010.12,,,,,,
07/10/2014,31,59.38,1.16,1008.38,,,,,,
08/10/2014,28.75,52.75,3.71,1009.88,,,,,,
09/10/2014,27.62,49.88,3.24,1010.12,,,,,,
10/10/2014,27.12,57.38,3.24,1008.75,,,,,,
11/10/2014,25.71,57.14,6.94,1008.25,,,,,,
12/10/2014,26,58.62,0.46,1008.38,,,,,,
13/10/2014,27.62,59.75,8.8,1009.88,,,,,,
14/10/2014,24.5,67.62,5.33,1010.88,,,,,,
15/10/2014,24.5,68,3.26,1013.38,,,,,,
16/10/2014,23,58.88,4.86,1014,,,,,,
17/10/2014,25,47.67,25.01,1013.62,,,,,,
18/10/2014,24,56.14,21.3,1012.88,,,,,,
19/10/2014,23.75,57.75,4.16,1012.62,,,,,,
20/10/2014,24.75,55.62,4.4,1013.12,,,,,,
21/10/2014,25.62,56.12,2.09,1014.62,,,,,,
22/10/2014,25.75,64.88,0.46,1014.5,,,,,,
23/10/2014,25.25,66,0.92,1012.75,,,,,,
24/10/2014,25.5,67.5,1.85,1011.75,,,,,,
25/10/2014,25.25,67.12,0.92,1012.38,,,,,,
26/10/2014,25.12,65.5,2.09,1014.88,,,,,,
27/10/2014,24.88,62.88,1.86,1013.75,,,,,,
28/10/2014,25.12,64.75,2.56,1012,,,,,,
29/10/2014,24.75,65.75,1.62,1012.12,,,,,,
30/10/2014,23.88,61.38,1.85,1014.5,,,,,,
31/10/2014,23.38,58.25,3.71,1013.62,,,,,,
01/11/2014,22.5,50.88,5.33,1014.12,,,,,,
02/11/2014,22.88,49.12,7.19,1014.5,,,,,,
03/11/2014,23.38,52.75,4.16,1013.5,,,,,,
04/11/2014,23.62,56.62,3.94,1012.12,,,,,,
05/11/2014,22.75,56.25,4.62,1012.38,,,,,,
06/11/2014,23,56.25,6.25,1011.62,,,,,,
07/11/2014,24,66.12,2.31,1012.88,,,,,,
08/11/2014,23.88,66.25,1.62,1014.62,,,,,,
09/11/2014,24.12,56.38,4.16,1015.12,,,,,,
10/11/2014,21.38,52.12,3.48,1014,,,,,,
11/11/2014,19.25,55.12,2.32,1014.75,,,,,,
12/11/2014,19.62,52,2.31,1015.88,,,,,,
13/11/2014,18.5,50.5,3.24,1016.5,,,,,,
14/11/2014,18.38,43,7.41,1016.38,,,,,,
15/11/2014,18.62,44.75,2.78,1014.88,,,,,,
16/11/2014,18.25,47.62,2.55,1015.38,,,,,,
17/11/2014,17.75,51.75,2.78,1016.12,,,,,,
18/11/2014,17.62,53,2.09,1017.88,,,,,,
19/11/2014,17.5,58.12,1.16,1016.5,,,,,,
20/11/2014,20.38,54.62,3.03,1013.38,,,,,,
21/11/2014,18.25,62.12,3.24,1012.75,,,,,,
22/11/2014,19.88,58.88,1.62,1011.38,,,,,,
23/11/2014,17.12,57.38,1.39,1014.62,,,,,,
24/11/2014,16.88,52.25,4.18,1016,,,,,,
25/11/2014,16.5,51.5,2.55,1014.88,,,,,,
26/11/2014,19.62,51,5.55,1009.88,,,,,,
27/11/2014,18.12,63.88,0,1011.75,,,,,,
28/11/2014,19.38,67.38,0,1012.5,,,,,,
29/11/2014,20.25,67.62,0,1012.38,,,,,,
30/11/2014,19.75,54.75,2.55,1014,,,,,,
01/12/2014,20,42.62,8.8,1013.75,,,,,,
02/12/2014,21.38,47.62,7.88,1012.75,,,,,,
03/12/2014,25,66.57,11.37,1007,,,,,,
04/12/2014,21.25,68.88,4.86,1010.38,,,,,,
05/12/2014,17.75,59.88,2.55,1017.12,,,,,,
06/12/2014,18.25,48.88,4.86,1016.38,,,,,,
07/12/2014,17.25,48.38,4.86,1014.75,,,,,,
08/12/2014,17,49.88,2.78,1015,,,,,,
09/12/2014,15.29,67.57,0,1016.86,,,,,,
10/12/2014,21.5,65.5,4.86,1010.5,,,,,,
11/12/2014,19.62,70.5,3.25,1011.62,,,,,,
12/12/2014,17.5,65.62,0.46,1014.38,,,,,,
13/12/2014,16,71.88,8.8,1016.12,,,,,,
14/12/2014,16.88,86.62,3.95,1014.5,,,,,,
15/12/2014,16.62,75.75,2.32,1016.12,,,,,,
16/12/2014,17.75,72.38,7.43,1017.38,,,,,,
17/12/2014,12.88,72.12,6.49,1020.25,,,,,,
18/12/2014,11.75,79.75,3.01,1021.38,,,,,,
19/12/2014,11.75,81.75,0.46,1022.12,,,,,,
20/12/2014,11.25,77,5.8,1018.75,,,,,,
21/12/2014,9.5,79.12,0.92,1018,,,,,,
22/12/2014,9.38,85,1.39,1017.12,,,,,,
23/12/2014,9.62,78.62,1.62,1017.88,,,,,,
24/12/2014,9.88,83,3.48,1021.25,,,,,,
25/12/2014,9.25,81.12,8.1,1020.12,,,,,,
26/12/2014,10.75,77,7.64,1017.75,,,,,,
27/12/2014,10.38,69,2.78,1018.62,,,,,,
28/12/2014,9,86,0.7,1019.75,,,,,,
29/12/2014,11.12,72.62,1.39,1017.25,,,,,,
30/12/2014,11.62,70.62,2.55,1014.62,,,,,,
31/12/2014,12.38,67.12,2.79,1016.88,,,,,,
01/01/2015,14.75,72,0.92,1017.5,,,,,,
02/01/2015,14.88,96.62,3.01,1017.88,,,,,,
03/01/2015,15.12,92,0.92,1017.38,,,,,,
04/01/2015,14.12,78.75,9.51,1019.62,,,,,,
05/01/2015,14,69.38,15.05,1016,,,,,,
06/01/2015,12,79.88,4.4,1015.5,,,,,,
07/01/2015,9.62,86,3.94,1016.62,,,,,,
08/01/2015,10,87.88,3.49,1019.12,,,,,,
09/01/2015,10.62,80.62,1.62,1020.12,,,,,,
10/01/2015,11.12,73.12,4.41,1018.88,,,,,,
11/01/2015,11,80.75,4.86,1019.12,,,,,,
12/01/2015,10.62,79.5,0.92,1019.5,,,,,,
13/01/2015,12.25,77.88,4.88,1017.12,,,,,,
14/01/2015,12,82.25,5.1,1017.5,,,,,,
15/01/2015,12.38,79.12,0.92,1019.38,,,,,,
16/01/2015,13,78.12,4.64,1019.25,,,,,,
17/01/2015,13.5,76.62,1.86,1019.25,,,,,,
18/01/2015,13,73.88,2.55,1018.75,,,,,,
19/01/2015,13.75,78,1.85,1018.88,,,,,,
20/01/2015,13.38,74.38,7.19,1020,,,,,,
21/01/2015,13.25,73.38,3.7,1021,,,,,,
22/01/2015,12.62,94.12,3.24,1020.62,,,,,,
23/01/2015,14.62,85,1.16,1020,,,,,,
24/01/2015,12.38,86.25,9.74,1020.75,,,,,,
25/01/2015,13.25,77.75,4.16,1020.38,,,,,,
26/01/2015,13.75,88.12,0.92,1019.88,,,,,,
27/01/2015,13.25,74.25,5.34,1019.33,,,,,,
28/01/2015,11.71,67,27.78,1018.25,,,,,,
29/01/2015,11.5,67.5,3.94,1019.75,,,,,,
30/01/2015,12.75,56.12,12.04,1020.38,,,,,,
31/01/2015,13.75,57.62,9.02,1017.88,,,,,,
01/02/2015,15,65.25,5.1,1017.75,,,,,,
02/02/2015,17.38,63.88,11.81,1017.5,,,,,,
03/02/2015,16.75,71.25,7.18,1020.5,,,,,,
04/02/2015,14.62,81.12,9.25,1022,,,,,,
05/02/2015,14.62,62.88,7.4,1019.25,,,,,,
06/02/2015,15.12,62.62,3.01,1019,,,,,,
07/02/2015,15.88,67.62,1.85,1017,,,,,,
08/02/2015,16.62,63.88,4.41,1017.38,,,,,,
09/02/2015,16.88,63.5,5.55,1019.75,,,,,,
10/02/2015,15.75,64,4.62,1019.75,,,,,,
11/02/2015,16,66.62,1.85,1017.12,,,,,,
12/02/2015,15.5,69.62,6.02,1016.12,,,,,,
13/02/2015,17.25,59,6.72,1012.62,,,,,,
14/02/2015,19.38,63.12,4.16,1009.62,,,,,,
15/02/2015,18.88,70.12,1.39,1012.62,,,,,,
16/02/2015,20.62,71.25,10.42,1013.62,,,,,,
17/02/2015,21.14,72.57,5.03,1011.86,,,,,,
18/02/2015,21.25,72.88,5.1,1011.75,,,,,,
19/02/2015,22.75,73.5,7.65,1012,,,,,,
20/02/2015,22.75,67.12,7.19,1013.88,,,,,,
21/02/2015,21.88,63.5,11.34,1014.12,,,,,,
22/02/2015,22.14,58.86,14.81,1013.38,,,,,,
23/02/2015,21.5,74.38,3.03,1014.25,,,,,,
24/02/2015,22.88,72.38,6.04,1010.62,,,,,,
25/02/2015,23.12,58.62,6.5,1008.5,,,,,,
26/02/2015,20,34.38,6.71,1009.88,,,,,,
27/02/2015,19.25,43.12,5.8,1013,,,,,,
28/02/2015,21.25,45.5,6.95,1013,,,,,,
01/03/2015,17.38,92.75,14.81,1011.12,,,,,,
02/03/2015,17.5,89.88,6.72,1012.5,,,,,,
03/03/2015,16.25,82.5,5.56,1013.75,,,,,,
04/03/2015,16.75,69.25,6.71,1014,,,,,,
05/03/2015,18.75,64,3.7,1015.75,,,,,,
06/03/2015,20,62.38,5.09,1016.38,,,,,,
07/03/2015,18.38,80.38,4.18,1013.71,,,,,,
08/03/2015,19.5,74.12,7.89,1015.38,,,,,,
09/03/2015,18.12,54.25,12.26,1021,,,,,,
10/03/2015,17.75,68.5,8.56,1019.12,,,,,,
11/03/2015,18.25,69.88,6.02,1018.12,,,,,,
12/03/2015,20.5,63.38,5.33,1017,,,,,,
13/03/2015,21.38,65.25,4.18,1014.75,,,,,,
14/03/2015,21.5,64.62,7.88,1015.12,,,,,,
15/03/2015,17.62,89.12,11.58,1015.5,,,,,,
16/03/2015,19.86,81.86,8.56,1017.38,,,,,,
17/03/2015,20.88,70.38,13.2,1015.88,,,,,,
18/03/2015,20.25,69.62,12.26,1013.5,,,,,,
19/03/2015,21.12,66,5.34,1014.88,,,,,,
20/03/2015,22.5,65.75,9.02,1014.88,,,,,,
21/03/2015,24.88,60.5,5.79,1014.88,,,,,,
22/03/2015,25.12,64,10.2,1012,,,,,,
23/03/2015,24.75,65.75,7.64,1010,,,,,,
24/03/2015,25.75,65.5,1.39,1010.25,,,,,,
25/03/2015,26.62,65.62,2.55,1011.86,,,,,,
26/03/2015,28.5,54.38,9.26,1013,,,,,,
27/03/2015,27.38,51.38,7.65,1012,,,,,,
28/03/2015,27,53.62,3.71,1009.62,,,,,,
29/03/2015,25,52.75,13.19,1008.62,,,,,,
30/03/2015,23.5,66.25,14.81,1010.38,,,,,,
31/03/2015,25.25,64.88,3.7,1010.14,,,,,,
01/04/2015,26.43,59.71,6.71,1007.5,,,,,,
02/04/2015,28.71,45.29,10.17,1004.62,,,,,,
03/04/2015,24.5,71.12,6.96,1004.75,,,,,,
04/04/2015,21,77.5,1.39,1005.25,,,,,,
05/04/2015,23.57,67.71,17.6,1007.75,,,,,,
06/04/2015,25,60.12,2.78,1007.75,,,,,,
07/04/2015,23.75,62.12,9.74,1010.25,,,,,,
08/04/2015,25.62,50.38,6.71,1012,,,,,,
09/04/2015,26,52.88,9.04,1010.5,,,,,,
10/04/2015,27.12,52.25,6.25,1008.5,,,,,,
11/04/2015,28.25,44.88,8.1,1008.38,,,,,,
12/04/2015,24.38,63,5.32,1012.38,,,,,,
13/04/2015,24.75,70.88,6.95,1013.75,,,,,,
14/04/2015,26.25,62.75,3.01,1012.75,,,,,,
15/04/2015,27.62,59.25,5.79,1012.88,,,,,,
16/04/2015,25.25,58.25,8.11,1013.88,,,,,,
17/04/2015,28.12,48.75,8.34,1007.12,,,,,,
18/04/2015,30.12,44.5,5.56,1002.38,,,,,,
19/04/2015,32.12,41,4.18,1003.88,,,,,,
20/04/2015,32.88,37.88,7.19,1005.75,,,,,,
21/04/2015,31.75,28.5,11.11,1005.62,,,,,,
22/04/2015,30.75,30.25,11.35,1003.12,,,,,,
23/04/2015,30.75,33,8.1,1004,,,,,,
24/04/2015,31.12,39.5,2.55,1004.38,,,,,,
25/04/2015,30.5,43.12,12.98,1005.88,,,,,,
26/04/2015,28.75,51.12,15.74,1008,,,,,,
27/04/2015,30.12,53,17.59,1006.75,,,,,,
28/04/2015,31,48.25,12.51,1004.5,,,,,,
29/04/2015,31.25,47.25,9.02,1005,,,,,,
30/04/2015,32.62,44.75,15.05,1004,,,,,,
01/05/2015,31.25,43.5,5.34,1005.88,,,,,,
02/05/2015,30.12,40.25,4.4,1006.25,,,,,,
03/05/2015,31,39.25,3.01,1006.62,,,,,,
04/05/2015,30.88,39.25,3.94,1006.62,,,,,,
05/05/2015,32.12,31.12,7.65,1003.88,,,,,,
06/05/2015,34.12,22,11.36,1001.88,,,,,,
07/05/2015,35.43,13.43,15.34,1003.57,,,,,,
08/05/2015,34.12,22.38,12.27,1003.25,,,,,,
09/05/2015,35.12,27,8.34,1001.62,,,,,,
10/05/2015,35.12,25,6.96,1001.38,,,,,,
11/05/2015,34,32.62,10.89,1003.62,,,,,,
12/05/2015,33.12,46,6.04,1004.88,,,,,,
13/05/2015,27.75,61,6.71,1006.12,,,,,,
14/05/2015,29.62,49.62,4.41,1007.25,,,,,,
15/05/2015,28.5,52.12,7.18,1006.5,,,,,,
16/05/2015,30,51.62,4.16,1003.25,,,,,,
17/05/2015,33.25,40.38,8.35,1001.12,,,,,,
18/05/2015,35.38,35.75,5.56,1000,,,,,,
19/05/2015,31.5,44,14.81,1002.12,,,,,,
20/05/2015,33.12,31.62,14.6,1002,,,,,,
21/05/2015,35.62,24.62,11.34,1000.38,,,,,,
22/05/2015,36.25,19.5,12.51,998.12,,,,,,
23/05/2015,37.38,21.75,12.73,996.12,,,,,,
24/05/2015,36,29.25,5.1,997.38,,,,,,
25/05/2015,37.75,22.25,10.88,996.88,,,,,,
26/05/2015,35.25,26.62,17.12,1001.5,,,,,,
27/05/2015,33.75,20.5,6.71,1001.25,,,,,,
28/05/2015,34.75,29.5,8.34,1000.62,,,,,,
29/05/2015,35.12,27.25,8.12,1001.62,,,,,,
30/05/2015,32.25,38.75,12.26,1003.88,,,,,,
31/05/2015,34.25,25,14.59,1001.75,,,,,,
01/06/2015,29.38,41.75,12.51,1003.25,,,,,,
02/06/2015,31.62,39.25,8.58,1003.5,,,,,,
03/06/2015,28.62,50.5,6.73,1004.62,,,,,,
04/06/2015,31.88,48.38,4.86,1004,,,,,,
05/06/2015,32.62,39.88,6.01,1003.5,,,,,,
06/06/2015,33.38,39.75,7.86,1001.38,,,,,,
07/06/2015,35,36.25,7.18,999.25,,,,,,
08/06/2015,36.5,33,6.25,998.88,,,,,,
09/06/2015,37.62,23.88,18.75,998.88,,,,,,
10/06/2015,36.62,32.29,18.05,999.62,,,,,,
11/06/2015,35.62,34.75,18.29,1000,,,,,,
12/06/2015,35.88,34.62,12.74,998.5,,,,,,
13/06/2015,31.12,48.12,10.19,998.86,,,,,,
14/06/2015,27,77.62,3.95,1000.29,,,,,,
15/06/2015,31,60.75,3.01,999.57,,,,,,
16/06/2015,32.38,52.12,2.79,999.14,,,,,,
17/06/2015,33.88,49.75,3.25,998,,,,,,
18/06/2015,35.12,45.12,3.01,997.62,,,,,,
19/06/2015,35.88,46.75,8.58,996.25,,,,,,
20/06/2015,33.12,48.5,12.98,997.88,,,,,,
21/06/2015,30.38,63.62,8.11,998.12,,,,,,
22/06/2015,32.12,59.5,4.4,995.62,,,,,,
23/06/2015,31.5,61.62,6.01,995,,,,,,
24/06/2015,37.25,63.88,6.5,995.38,,,,,,
25/06/2015,26.62,82.75,6.26,994.75,,,,,,
26/06/2015,31.12,54.25,11.56,995.25,,,,,,
27/06/2015,32.62,48.25,14.11,997.12,,,,,,
28/06/2015,34.25,47.5,9.04,1000.29,,,,,,
29/06/2015,31.12,56.62,11.56,1003.62,,,,,,
30/06/2015,30.88,58.62,9.96,1002.62,,,,,,
01/07/2015,32,53.25,4.18,1001.88,,,,,,
02/07/2015,33.75,45.88,6.95,1001.12,,,,,,
03/07/2015,33,49,14.35,999.62,,,,,,
04/07/2015,34.12,51.5,16.9,997.5,,,,,,
05/07/2015,35.71,47.29,14.01,995.43,,,,,,
06/07/2015,27.88,83.25,9.28,997.88,,,,,,
07/07/2015,28.12,86.12,1.85,998.12,,,,,,
08/07/2015,31.25,72,2.78,998.62,,,,,,
09/07/2015,29.62,77.25,2.55,998.62,,,,,,
10/07/2015,26.62,92.12,6.02,998.75,,,,,,
11/07/2015,25.5,98,3.24,999.33,,,,,,
12/07/2015,25.5,94.75,7.43,998.62,,,,,,
13/07/2015,29.88,73.12,4.86,1000.62,,,,,,
14/07/2015,30.88,67.88,10.88,997.86,,,,,,
15/07/2015,33.38,52.88,17.14,993.75,,,,,,
16/07/2015,31.75,61.38,13.44,994.75,,,,,,
17/07/2015,30.75,75.62,4.4,997.25,,,,,,
18/07/2015,29.5,78.88,4.18,998,,,,,,
19/07/2015,30.12,70,0.7,997.62,,,,,,
20/07/2015,29.12,78,4.86,999.12,,,,,,
21/07/2015,31.38,69.25,8.12,1000,,,,,,
22/07/2015,32.25,64.12,7.88,1001.12,,,,,,
23/07/2015,32.12,64.88,8.58,1001.75,,,,,,
24/07/2015,32,64.75,6.71,1001,,,,,,
25/07/2015,30.86,71,19.91,998.57,,,,,,
26/07/2015,30,71.62,16.89,998.88,,,,,,
27/07/2015,29.62,69,11.34,1000.29,,,,,,
28/07/2015,29.5,61,11.59,1000.12,,,,,,
29/07/2015,28.5,68.12,10.88,998,,,,,,
30/07/2015,29,67.75,9.96,998.88,,,,,,
31/07/2015,29,71,4.18,999.75,,,,,,
01/08/2015,28.25,71.75,0.92,1002.75,,,,,,
02/08/2015,29.62,69.5,2.55,1003.62,,,,,,
03/08/2015,31.5,58.62,5.32,1001.88,,,,,,
04/08/2015,29.43,77.79,4.77,1000.07,,,,,,
05/08/2015,29.59,79.66,8.22,1000.28,,,,,,
06/08/2015,29.5,79.12,3.03,998,,,,,,
07/08/2015,29.25,83,2.31,1000,,,,,,
08/08/2015,28.88,84.88,1.62,1002,,,,,,
09/08/2015,27.38,90.12,3.01,1000.25,,,,,,
10/08/2015,30.38,77,0,1000,,,,,,
11/08/2015,28.38,86.62,0.46,1003,,,,,,
12/08/2015,30.75,74.25,0,1003.12,,,,,,
13/08/2015,32,69.5,0.46,1001.88,,,,,,
14/08/2015,30.88,72.62,3.47,1002,,,,,,
15/08/2015,28.5,85.5,0,1002.75,,,,,,
16/08/2015,28.62,82.62,1.85,1002.88,,,,,,
17/08/2015,30.75,72.62,0.7,1001.38,,,,,,
18/08/2015,29.12,72.88,4.88,1002.57,,,,,,
19/08/2015,31.25,61.25,33.32,1002.38,,,,,,
20/08/2015,30.75,58.62,14.6,1001.38,,,,,,
21/08/2015,29.38,72,8.58,1002,,,,,,
22/08/2015,30.25,65.38,5.8,1000.88,,,,,,
23/08/2015,29.88,69.38,5.56,1000.86,,,,,,
24/08/2015,30.75,65.62,7.19,1001.75,,,,,,
25/08/2015,32,57.29,10.07,1001,,,,,,
26/08/2015,32,61,4.86,1001.12,,,,,,
27/08/2015,32.5,61,5.33,1002,,,,,,
28/08/2015,32,63.5,2.31,1002.25,,,,,,
29/08/2015,32.25,58,5.81,1001.38,,,,,,
30/08/2015,32.62,56.5,9.27,1001.38,,,,,,
31/08/2015,31.86,54.43,13.49,1001.83,,,,,,
01/09/2015,32.12,47.62,15.28,1000.86,,,,,,
02/09/2015,31.88,45.62,12.74,1001.75,,,,,,
03/09/2015,31.62,49.12,10.19,1005.5,,,,,,
04/09/2015,32,42.62,11.35,1007.88,,,,,,
05/09/2015,30.88,47.25,7.64,1007.12,,,,,,
06/09/2015,31.25,41.8,7.64,1006.25,,,,,,
07/09/2015,31.5,46.38,9.49,1005.75,,,,,,
08/09/2015,31.62,47,11.81,1005.5,,,,,,
09/09/2015,31,47.88,10.19,1005.62,,,,,,
10/09/2015,31.25,46.5,8.58,1006.75,,,,,,
11/09/2015,30.75,49.75,6.01,1006.25,,,,,,
12/09/2015,32.14,54.43,3.17,1006,,,,,,
13/09/2015,32.12,55.25,1.39,1005.88,,,,,,
14/09/2015,31.88,54.38,2.55,1003.62,,,,,,
15/09/2015,33,55,0.46,1003.25,,,,,,
16/09/2015,32.38,55,1.4,1003.62,,,,,,
17/09/2015,31.38,58.38,1.16,1004.38,,,,,,
18/09/2015,31,67.62,7.41,1005.12,,,,,,
19/09/2015,30.62,74.25,2.09,1003.62,,,,,,
20/09/2015,29.14,69.14,5.56,1002.86,,,,,,
21/09/2015,30.12,64.5,5.8,1002.5,,,,,,
22/09/2015,30.25,64.38,10.19,1002.5,,,,,,
23/09/2015,28.62,61.25,13.68,1006.38,,,,,,
24/09/2015,28.25,52.38,11.58,1004.62,,,,,,
25/09/2015,28.5,49.38,8.58,1003.75,,,,,,
26/09/2015,29.25,53.5,6.25,1005.25,,,,,,
27/09/2015,28.71,58.14,2.91,1007,,,,,,
28/09/2015,28.25,58.5,3.94,1009,,,,,,
29/09/2015,29,54.57,9.53,1010.57,,,,,,
30/09/2015,29,46.88,8.34,1011.38,,,,,,
01/10/2015,28.12,51.25,5.57,1012,,,,,,
02/10/2015,28.29,53.71,14.59,1010.75,,,,,,
03/10/2015,30,52.33,18.79,1008.71,,,,,,
04/10/2015,29,54.38,3.03,1008.12,,,,,,
05/10/2015,28.88,59.38,1.39,1009.25,,,,,,
06/10/2015,28.38,61.12,4.64,1009,,,,,,
07/10/2015,28.62,65.75,6.48,1009.12,,,,,,
08/10/2015,28.38,65.12,4.41,1007.5,,,,,,
09/10/2015,28.5,59.75,6.02,1004.25,,,,,,
10/10/2015,28.5,54.62,6.71,1005,,,,,,
11/10/2015,28.57,51.57,6.89,1008.71,,,,,,
12/10/2015,29.25,54.12,3.25,1010,,,,,,
13/10/2015,29.5,62.88,3.73,1011,,,,,,
14/10/2015,28.12,63.62,4.88,1013.25,,,,,,
15/10/2015,27.5,66,0.46,1013.5,,,,,,
16/10/2015,27.88,62.62,0.92,1013.5,,,,,,
17/10/2015,28,63.75,3.71,1012.25,,,,,,
18/10/2015,26.86,71.71,11.11,1013.12,,,,,,
19/10/2015,28.14,66.29,3.46,1011.71,,,,,,
20/10/2015,27.71,64.86,2.91,1009.86,,,,,,
21/10/2015,26.5,62.12,2.09,1011.88,,,,,,
22/10/2015,24.75,56,4.4,1012.25,,,,,,
23/10/2015,24,51.62,4.86,1011.88,,,,,,
24/10/2015,24.88,53.25,1.4,1011.62,,,,,,
25/10/2015,26.38,47.12,5.58,1012.75,,,,,,
26/10/2015,25.62,52.12,5.57,1014.88,,,,,,
27/10/2015,24.75,54.25,3.47,1013.88,,,,,,
28/10/2015,20.88,57.25,7.88,1015.88,,,,,,
29/10/2015,22.12,63.5,1.85,1016.88,,,,,,
30/10/2015,22.38,67.25,1.62,1016.38,,,,,,
31/10/2015,22.38,69.38,1.16,1016.12,,,,,,
01/11/2015,22.88,70.5,0.92,1016.25,,,,,,
02/11/2015,23.38,71.38,0.46,1015.88,,,,,,
03/11/2015,24,67.88,0.48,1014.25,,,,,,
04/11/2015,23.75,69,0.92,1012.25,,,,,,
05/11/2015,22.12,75.25,5.1,1012.38,,,,,,
06/11/2015,22.88,74.38,2.32,1012.75,,,,,,
07/11/2015,21.88,74.88,1.16,1014.62,,,,,,
08/11/2015,21.88,70.25,1.86,1015.88,,,,,,
09/11/2015,21.75,73.62,0.7,1015,,,,,,
10/11/2015,22.75,72.62,0.7,1013.5,,,,,,
11/11/2015,21.88,59.5,4.64,1014.38,,,,,,
12/11/2015,21.88,60.5,5.79,1015.38,,,,,,
13/11/2015,22.38,59.38,5.32,1014.88,,,,,,
14/11/2015,22.38,59.62,3.48,1012,,,,,,
15/11/2015,22.5,62,0,1012,,,,,,
16/11/2015,21.88,50.38,2.79,1012.62,,,,,,
17/11/2015,19.88,48.38,5.1,1013.5,,,,,,
18/11/2015,18.5,57.62,4.4,1016.38,,,,,,
19/11/2015,18.5,64.75,0.92,1017.5,,,,,,
20/11/2015,18.5,66,0.46,1016.12,,,,,,
21/11/2015,18.75,67.62,1.39,1015.5,,,,,,
22/11/2015,18.62,64.88,0.46,1015.12,,,,,,
23/11/2015,17,73.5,0,1015.88,,,,,,
24/11/2015,18.5,63,1.62,1016,,,,,,
25/11/2015,19.38,56.38,5.79,1014.75,,,,,,
26/11/2015,20,59.5,0.92,1012.75,,,,,,
27/11/2015,18.5,66.25,2.55,1011.25,,,,,,
28/11/2015,18.75,82.12,1.16,1015.38,,,,,,
29/11/2015,18.12,81.25,1.16,1018,,,,,,
30/11/2015,19.5,82.38,0.92,1016.75,,,,,,
01/12/2015,19.25,78.75,1.62,1014.75,,,,,,
02/12/2015,18.12,72.12,2.09,1016.12,,,,,,
03/12/2015,17.62,70.25,7.19,1016,,,,,,
04/12/2015,17.62,67.5,4.64,1015,,,,,,
05/12/2015,17.5,72.38,0.92,1015.88,,,,,,
06/12/2015,17.12,75.88,1.4,1016.5,,,,,,
07/12/2015,17.62,76.88,2.31,1017.25,,,,,,
08/12/2015,18.43,71.29,1.06,1015.71,,,,,,
09/12/2015,18.38,78.12,3.48,1015.25,,,,,,
10/12/2015,19,77.25,2.09,1011.75,,,,,,
11/12/2015,17.25,77.88,5.1,1011.38,,,,,,
12/12/2015,13.25,91,4.4,1014.25,,,,,,
13/12/2015,12.88,67,3.48,1016.5,,,,,,
14/12/2015,13.25,63.62,7.4,1017,,,,,,
15/12/2015,13.12,63.88,5.32,1016.5,,,,,,
16/12/2015,13,65.5,1.16,1016.38,,,,,,
17/12/2015,12.25,73.62,0.92,1016.88,,,,,,
18/12/2015,12.88,71.25,4.4,1018.62,,,,,,
19/12/2015,12.38,71.88,3.49,1019,,,,,,
20/12/2015,11.75,70.25,1.16,1018.5,,,,,,
21/12/2015,12.62,74.75,1.39,1018.88,,,,,,
22/12/2015,12,79.88,0.7,1020.88,,,,,,
23/12/2015,12.5,81.38,3.49,1020.62,,,,,,
24/12/2015,11.25,68.62,6.02,1021.25,,,,,,
25/12/2015,11.5,66.12,5.56,1022,,,,,,
26/12/2015,12.75,64.5,6.49,1021.12,,,,,,
27/12/2015,15.38,63.25,7.89,1020.62,,,,,,
28/12/2015,17.12,58.12,10.89,1020.88,,,,,,
29/12/2015,16.38,65,7.41,1018.12,,,,,,
30/12/2015,15.5,71.75,2.1,1017.5,,,,,,
31/12/2015,15,71.38,2.09,1020.5,,,,,,
01/01/2016,14.71,72.29,1.06,1021.14,,,,,,
02/01/2016,14,75.88,2.09,1021,,,,,,
03/01/2016,14.38,74.75,5.11,1018.5,,,,,,
04/01/2016,15.75,77.12,0,1017.62,,,,,,
05/01/2016,15.83,88.83,0.62,1017,,,,,,
06/01/2016,17.38,81.62,2.31,1016.5,,,,,,
07/01/2016,17.12,87,0,1018.12,,,,,,
08/01/2016,15.5,83.25,7.89,1017.25,,,,,,
09/01/2016,15.86,65.14,8.47,1015.43,,,,,,
10/01/2016,15.62,74.38,2.78,1017.5,,,,,,
11/01/2016,15.75,74.88,1.62,1017.5,,,,,,
12/01/2016,18,69.69,6.03,1014.94,,,,,,
13/01/2016,18.27,75.8,5.08,1014.33,,,,,,
14/01/2016,15.56,80.44,4.3,1016.12,,,,,,
15/01/2016,13,84.19,10.78,1017,,,,,,
16/01/2016,13.6,80.07,11.24,1014.6,,,,,,
17/01/2016,14,77.67,2.11,1016.2,,,,,,
18/01/2016,13.27,80.47,1.48,1014.73,,,,,,
19/01/2016,12.36,88.57,4.65,1015.29,,,,,,
20/01/2016,12.07,84.2,6.19,1018.67,,,,,,
21/01/2016,12.19,73.19,7.89,1020.19,,,,,,
22/01/2016,11.73,83.4,3.59,1019.47,,,,,,
23/01/2016,14.44,75.88,3.25,1019.81,,,,,,
24/01/2016,11.19,86.25,6.62,1019.06,,,,,,
25/01/2016,11.67,75.4,4.58,1017.2,,,,,,
26/01/2016,14.56,79.69,2.55,1015.38,,,,,,
27/01/2016,17.58,69.17,4.02,1014.17,,,,,,
28/01/2016,16.86,69.36,5.03,1015.07,,,,,,
29/01/2016,19.56,70.62,2.54,1017.38,,,,,,
30/01/2016,20.14,78.5,1.2,1014.5,,,,,,
31/01/2016,17.38,78.25,7.76,1016,,,,,,
01/02/2016,15.85,65.77,7.27,1017.15,,,,,,
02/02/2016,15.27,55.87,8.89,1018.2,,,,,,
03/02/2016,13.12,66.5,7.62,1018,,,,,,
04/02/2016,16.36,53,6.94,1017.33,,,,,,
05/02/2016,12.67,70.67,2.17,1016.83,,,,,,
06/02/2016,15.33,69.5,3.7,1013.33,,,,,,
07/02/2016,15.62,77,2.79,1015.75,,,,,,
08/02/2016,17.09,67.18,5.9,1017.09,,,,,,
09/02/2016,17.77,67.46,5.85,1014.69,,,,,,
10/02/2016,18.13,64.87,2.1,1012.73,,,,,,
11/02/2016,19.69,54.75,6.03,1011.25,,,,,,
12/02/2016,19.2,57.87,0.75,1012.53,,,,,,
13/02/2016,17.07,62.13,5.81,1014.87,,,,,,
14/02/2016,17.64,61.93,8.07,1017.21,,,,,,
15/02/2016,17.6,59.53,5.94,1018.73,,,,,,
16/02/2016,18.21,56.14,5.44,1020.07,,,,,,
17/02/2016,18.71,59.29,3.71,1019.14,,,,,,
18/02/2016,19.47,76,5.19,1017.4,,,,,,
19/02/2016,23.15,70.23,4.15,1014.62,,,,,,
20/02/2016,23.62,73.12,11.12,1014.12,,,,,,
21/02/2016,21,61.12,17.14,1014.75,,,,,,
22/02/2016,21,51.43,15.21,1014.43,,,,,,
23/02/2016,21.43,50.64,9.79,1012.5,,,,,,
24/02/2016,21.69,58.06,2.44,1012.94,,,,,,
25/02/2016,22.56,57.5,5.34,1015.5,,,,,,
26/02/2016,22.8,55.6,2.48,1018.4,,,,,,
27/02/2016,22.8,59,3.33,1018.47,,,,,,
28/02/2016,23,63.06,3.71,1018.94,,,,,,
29/02/2016,23.88,63.94,3.71,1018.62,,,,,,
01/03/2016,24.92,57.42,1.7,1015,,,,,,
02/03/2016,24.93,57.07,1.73,1015.4,,,,,,
03/03/2016,26,55.62,4.29,1014.62,,,,,,
04/03/2016,27.31,44.25,6.14,1012.69,,,,,,
05/03/2016,23.93,57.13,11,1012.67,,,,,,
06/03/2016,22.81,66.56,5.22,1013.06,,,,,,
07/03/2016,23.71,64.14,5.17,1012.36,,,,,,
08/03/2016,23.43,60.21,6.74,1011.64,,,,,,
09/03/2016,24,57.56,9.38,1012.06,,,,,,
10/03/2016,25.56,57.44,7.98,1013.19,,,,,,
11/03/2016,25.07,67.8,6.55,1012.53,,,,,,
12/03/2016,24.56,66.94,9.49,1009.56,,,,,,
13/03/2016,24.25,65.19,6.84,1011.19,,,,,,
14/03/2016,22.38,66,6.28,1014.31,,,,,,
15/03/2016,24.07,58.93,8.65,1014.87,,,,,,
16/03/2016,23.94,53.75,10.88,1012.81,,,,,,
17/03/2016,26.31,50.31,6.84,1010.44,,,,,,
18/03/2016,26.19,61.25,6.71,1009.81,,,,,,
19/03/2016,26.79,61.86,3.58,1009.21,,,,,,
20/03/2016,27.13,58.73,2.85,1010.33,,,,,,
21/03/2016,26.62,43.38,12.26,1011.12,,,,,,
22/03/2016,25.06,37.88,22.1,1009.38,,,,,,
23/03/2016,26.2,43.27,10.64,1010,,,,,,
24/03/2016,28.13,46.87,3.21,1013.33,,,,,,
25/03/2016,29.88,50.19,3.37,1013.19,,,,,,
26/03/2016,24.67,62.67,9.39,1013.6,,,,,,
27/03/2016,26.25,53.69,9.16,1012.81,,,,,,
28/03/2016,25.93,52.8,6.55,7679.33,,,,,,
29/03/2016,27.12,47.75,7.29,1011.31,,,,,,
30/03/2016,29.57,39.79,7.02,1011.14,,,,,,
31/03/2016,30,39.73,4.33,1009.2,,,,,,
01/04/2016,30.57,38.21,12.04,1006.71,,,,,,
02/04/2016,32.31,38.56,5.46,1008,,,,,,
03/04/2016,33.31,44.25,2.55,1008.38,,,,,,
04/04/2016,32.81,33.12,8,1006.69,,,,,,
05/04/2016,32.31,29.31,9.27,1007,,,,,,
06/04/2016,31.38,33.12,3.48,1006.88,,,,,,
07/04/2016,29.93,37,10.85,1007.27,,,,,,
08/04/2016,29.27,36,4.69,1009.2,,,,,,
09/04/2016,30.73,32.47,12.62,1009.31,,,,,,
10/04/2016,32.25,29,5.22,1008.81,,,,,,
11/04/2016,29.8,35,16.04,1009.4,,,,,,
12/04/2016,30.2,36.2,19.38,1006.33,,,,,,
13/04/2016,31.75,28.06,18.64,1003.31,,,,,,
14/04/2016,33.12,23.88,10.42,1003.81,,,,,,
15/04/2016,33.62,25.38,9.84,1004.62,,,,,,
16/04/2016,35.69,23.69,11.11,1003.06,,,,,,
17/04/2016,34.67,23.87,9.39,1002.67,,,,,,
18/04/2016,34.62,30.12,7.18,1004.69,,,,,,
19/04/2016,34,33.6,4.57,1005.87,,,,,,
20/04/2016,34.06,25.94,14.02,1006.44,,,,,,
21/04/2016,34,24.67,15.75,1003.4,,,,,,
22/04/2016,33.25,24.25,8.35,1001.73,,,,,,
23/04/2016,31.92,21.82,19.65,1001.85,,,,,,
24/04/2016,31.31,22.12,10.19,1003.06,,,,,,
25/04/2016,31.75,22.81,6.95,1005.56,,,,,,
26/04/2016,33.44,25.19,3.83,1007.19,,,,,,
27/04/2016,33.12,29.06,4.98,1005.69,,,,,,
28/04/2016,34.15,21.77,11.82,1004.69,,,,,,
29/04/2016,34.07,23.29,9.12,1005.71,,,,,,
30/04/2016,33.06,25.56,5.21,1004.81,,,,,,
01/05/2016,34.69,23.38,8.58,1002.44,,,,,,
02/05/2016,38,18.47,9.51,1002.2,,,,,,
03/05/2016,35.5,30.38,6.49,1004.31,,,,,,
04/05/2016,33.71,31.86,10.46,1003.79,,,,,,
05/05/2016,30.6,42,11.25,1007.47,,,,,,
06/05/2016,31.44,37.44,8.22,1007,,,,,,
07/05/2016,33.31,37.19,4.65,1005.56,,,,,,
08/05/2016,35.13,36.33,7.29,1005.93,,,,,,
09/05/2016,33.53,40.6,18.42,1006.06,,,,,,
10/05/2016,34,39.75,10.56,1006.56,,,,,,
11/05/2016,32.5,49.94,7.77,1006.06,,,,,,
12/05/2016,35.38,40,5.1,1002.25,,,,,,
13/05/2016,37.29,28.12,8.07,1001.35,,,,,,
14/05/2016,36.56,31.88,4.17,1003.12,,,,,,
15/05/2016,37.25,29.5,4.75,1003.56,,,,,,
16/05/2016,37.21,23.5,9.02,1000.8,,,,,,
17/05/2016,37.5,25.81,9.61,998.94,,,,,,
18/05/2016,37.75,27.62,8.45,997.81,,,,,,
19/05/2016,37.38,40.5,9.39,998.62,,,,,,
20/05/2016,37.4,44.2,8.41,996.93,,,,,,
21/05/2016,36.13,45.4,10.87,995.93,,,,,,
22/05/2016,36.8,44.8,6.55,996.47,,,,,,
23/05/2016,32.21,47.93,14.95,999.57,,,,,,
24/05/2016,31.53,53.53,8.49,1000.74,,,,,,
25/05/2016,33.22,46.61,10.16,997.48,,,,,,
26/05/2016,35.27,44.58,15.18,999.15,,,,,,
27/05/2016,38.27,26.09,15.32,999.95,,,,,,
28/05/2016,36.06,37.25,14.41,999.83,,,,,,
29/05/2016,31.5,57.06,11.68,1001.25,,,,,,
30/05/2016,26.81,74.81,9.49,1003.81,,,,,,
31/05/2016,32.64,51.21,7.41,1002.31,,,,,,
01/06/2016,36,42.2,9.13,1002.73,,,,,,
02/06/2016,37.56,35.31,11.93,1002,,,,,,
03/06/2016,37.56,40.69,2.78,1002.25,,,,,,
04/06/2016,38.2,42.07,3.21,1001.87,,,,,,
05/06/2016,36.17,51.75,8.5,1002.83,,,,,,
06/06/2016,35.43,45.71,11,1001.57,,,,,,
07/06/2016,34.62,59.19,21.31,1002.06,,,,,,
08/06/2016,36.07,44.64,8.49,999.21,,,,,,
09/06/2016,35.73,43.73,9.26,938.07,,,,,,
10/06/2016,36.13,41.87,10.08,998.25,,,,,,
11/06/2016,33.44,49.94,8.81,999,,,,,,
12/06/2016,35.5,37.12,9.16,998.81,,,,,,
13/06/2016,36,43.31,12.85,998.19,,,,,,
14/06/2016,32.62,55.12,11.86,997.81,,,,,,
15/06/2016,34.73,48.87,10.51,996.13,,,,,,
16/06/2016,33.5,51.29,11.39,999,,,,,,
17/06/2016,34.19,52.25,7.42,999.43,,,,,,
18/06/2016,35.86,50.57,10.86,1000.86,,,,,,
19/06/2016,35.62,53.25,9.39,1001.38,,,,,,
20/06/2016,30.94,73.94,7.64,1000.69,,,,,,
21/06/2016,32.88,62.19,8.92,999.94,,,,,,
22/06/2016,33.12,60.81,7.42,1001.56,,,,,,
23/06/2016,33.85,51.62,5.88,999.69,,,,,,
24/06/2016,36.44,46.56,7.76,998.31,,,,,,
25/06/2016,35.43,55.93,9.66,1000.07,,,,,,
26/06/2016,34.87,57.47,7.66,1000.38,,,,,,
27/06/2016,34.31,61.25,7.99,998.87,,,,,,
28/06/2016,30.79,75.07,5.44,1001.5,,,,,,
29/06/2016,35.38,58.88,8.45,1001.19,,,,,,
30/06/2016,35.47,60.2,6.79,997.87,,,,,,
01/07/2016,32.12,73.4,8.35,1002.56,,,,,,
02/07/2016,28.4,80,5.23,998.38,,,,,,
03/07/2016,29.56,78.12,1.97,998.25,,,,,,
04/07/2016,30.69,76.31,3.48,997.12,,,,,,
05/07/2016,33.25,68.69,5.34,995.56,,,,,,
06/07/2016,33.27,64.07,8.88,996.87,,,,,,
07/07/2016,33.5,63,5.92,997.69,,,,,,
08/07/2016,30.8,75.87,5.43,997.4,,,,,,
09/07/2016,33.25,66.06,6.73,996.75,,,,,,
10/07/2016,32.56,65.69,4.7,996.06,,,,,,
11/07/2016,31.5,71.94,8.05,997.75,,,,,,
12/07/2016,30.5,80.19,5.56,999.06,,,,,,
13/07/2016,31.25,76.31,6.81,998.44,,,,,,
14/07/2016,30.44,80.44,5.22,998.38,,,,,,
15/07/2016,31,78.06,7.27,998.62,,,,,,
16/07/2016,27.12,93.88,4.37,999.88,,,,,,
17/07/2016,28.12,86.56,6.6,1001.33,,,,,,
18/07/2016,27.67,91.27,7.65,1000.8,,,,,,
19/07/2016,32.31,69.12,13.66,999.88,,,,,,
20/07/2016,34.19,59.56,12.96,999.62,,,,,,
21/07/2016,34.13,56.87,11.48,999.27,,,,,,
22/07/2016,34.12,56.12,8.69,999.33,,,,,,
23/07/2016,31.88,66,7.77,1001.62,,,,,,
24/07/2016,31.44,72.25,2.43,946.31,,,,,,
25/07/2016,31.94,69.12,2.91,1001.88,,,,,,
26/07/2016,30.31,82,6.49,1003.12,,,,,,
27/07/2016,28.31,88.25,4.29,1004.62,,,,,,
28/07/2016,29.53,81.33,5.19,1002.07,,,,,,
29/07/2016,27.38,92.44,2.43,1000.94,,,,,,
30/07/2016,27.33,92.27,1.86,1001.2,,,,,,
31/07/2016,29.27,83.13,4.7,1000.67,,,,,,
01/08/2016,29.12,84.25,5.91,999.12,,,,,,
02/08/2016,30.69,72.12,6.38,310.44,,,,,,
03/08/2016,32.56,63.56,5.45,998.5,,,,,,
04/08/2016,33.11,63.89,7.93,998.78,,,,,,
05/08/2016,33.8,61.67,4.32,999.33,,,,,,
06/08/2016,30.07,76,6.93,1000.8,,,,,,
07/08/2016,33.12,65.18,7.85,1000.53,,,,,,
08/08/2016,33.81,62.38,9.44,999.64,,,,,,
09/08/2016,31.62,71.65,9.55,998.5,,,,,,
10/08/2016,32,71.26,10.16,999.37,,,,,,
11/08/2016,28.11,89.46,7.82,1001.61,,,,,,
12/08/2016,29.04,85,3.85,1002.29,,,,,,
13/08/2016,30.32,77.07,3.23,1001.07,,,,,,
14/08/2016,28.93,83.7,6.37,633.9,,,,,,
15/08/2016,31.68,67.64,12.72,999.29,,,,,,
16/08/2016,31.33,66.42,14.67,-3.04,,,,,,
17/08/2016,29.93,72.5,6.32,999.52,,,,,,
18/08/2016,29.89,79.81,1.72,999.92,,,,,,
19/08/2016,32.07,68.29,1.92,999.89,,,,,,
20/08/2016,33.19,66.48,10.37,1000.16,,,,,,
21/08/2016,31.59,68.07,10.02,1001.19,,,,,,
22/08/2016,32.19,65.56,8.24,1002.89,,,,,,
23/08/2016,31.48,70.08,6.08,1003.24,,,,,,
24/08/2016,30.18,79.29,8.42,1002.5,,,,,,
25/08/2016,31.52,72.44,6.28,1004.42,,,,,,
26/08/2016,31.22,73.81,4.39,1005.22,,,,,,
27/08/2016,31.79,70.29,7.15,1006.14,,,,,,
28/08/2016,33.4,66.24,7.27,1006.2,,,,,,
29/08/2016,29.57,82.32,5.82,1003.61,,,,,,
30/08/2016,30.04,76.8,8.9,1002.19,,,,,,
31/08/2016,27.26,89.56,6.73,1003.04,,,,,,
01/09/2016,27.96,87.24,4.15,1002.44,,,,,,
02/09/2016,30.74,71.74,13.2,1001.27,,,,,,
03/09/2016,30.89,62.68,13.26,1001.16,,,,,,
04/09/2016,31.69,59.31,11.12,1002.92,,,,,,
05/09/2016,31.08,60.31,13.96,1003.23,,,,,,
06/09/2016,30.38,55,13.44,1003.75,,,,,,
07/09/2016,31.1,57.7,9.1,1003.45,,,,,,
08/09/2016,31.92,58,10.81,1005.17,,,,,,
09/09/2016,30.56,56.67,11.52,1004.33,,,,,,
10/09/2016,31.23,58.23,11.97,1005.23,,,,,,
11/09/2016,31,56.4,8.15,1003.8,,,,,,
12/09/2016,31.64,55.5,10.85,1005.07,,,,,,
13/09/2016,32.53,57.07,8.53,1006.4,,,,,,
14/09/2016,30.86,70.36,4.24,1006.93,,,,,,
15/09/2016,31.73,59.64,11.9,1004.75,,,,,,
16/09/2016,31.4,58,3.52,1004.4,,,,,,
17/09/2016,32.31,58,2.71,1003.15,,,,,,
18/09/2016,32.25,58.83,17.91,1005,,,,,,
19/09/2016,32.38,59.46,2.09,1004.71,,,,,,
20/09/2016,33.44,54.07,2.57,1003.52,,,,,,
21/09/2016,33.36,58.96,6.09,1005.4,,,,,,
22/09/2016,30.04,67.63,8.11,1008.78,,,,,,
23/09/2016,31,66.11,3.57,1005.32,,,,,,
24/09/2016,31.24,66.48,5.5,1352.62,,,,,,
25/09/2016,31.13,62.3,3.15,1004.78,,,,,,
26/09/2016,31.48,60.88,2.99,1006.76,,,,,,
27/09/2016,32.19,57.81,1.78,1006.7,,,,,,
28/09/2016,32.44,55.28,2.52,1005.28,,,,,,
29/09/2016,32.23,61.32,3.96,1005.59,,,,,,
30/09/2016,32.21,59.36,2.58,1005.57,,,,,,
01/10/2016,32.54,61.92,3.17,1007.5,,,,,,
02/10/2016,32.81,61.81,4.12,1009.11,,,,,,
03/10/2016,33.27,59.58,3.99,1007.19,,,,,,
04/10/2016,30.56,69.81,5.77,1005.37,,,,,,
05/10/2016,28.83,71.88,3.32,1005.25,,,,,,
06/10/2016,30.7,64.81,3.23,1007.15,,,,,,
07/10/2016,30.96,59.96,15.83,1007.2,,,,,,
08/10/2016,30.6,57.96,8.76,1006.85,,,,,,
09/10/2016,30.92,59.2,3.18,1005.96,,,,,,
10/10/2016,29.78,51.11,4.81,1006.15,,,,,,
11/10/2016,29.67,51.15,8.92,1006.59,,,,,,
12/10/2016,29.57,47.29,11.37,1006.25,,,,,,
13/10/2016,29.96,44,13.02,1008.33,,,,,,
14/10/2016,29.75,47.88,8.93,1009.12,,,,,,
15/10/2016,27.74,54.15,6.66,1010.52,,,,,,
16/10/2016,28.43,49.86,7.01,1011.86,,,,,,
17/10/2016,28.6,49.24,7.12,1010.56,,,,,,
18/10/2016,28.5,48.46,7.67,1009.46,,,,,,
19/10/2016,28.93,49.19,6.46,1008.56,,,,,,
20/10/2016,29.08,47.73,9.12,1007.54,,,,,,
21/10/2016,28.41,50.41,10.7,1008.73,,,,,,
22/10/2016,29.33,49.48,13.32,1009.37,,,,,,
23/10/2016,27.5,54.96,11.55,1009.31,,,,,,
24/10/2016,28.5,51.42,11.19,1008.27,,,,,,
25/10/2016,28.04,54.56,12.39,1008.92,,,,,,
26/10/2016,27.58,56.19,5.7,1011.73,,,,,,
27/10/2016,26.56,59.37,6.04,1014.63,,,,,,
28/10/2016,25.52,58.78,7.28,1012.41,,,,,,
29/10/2016,25.81,62.78,1.71,1013,,,,,,
30/10/2016,24.83,71.04,2.01,1014.61,,,,,,
31/10/2016,24.54,66.81,1.64,1017.81,,,,,,
01/11/2016,24.38,58.73,2.72,1016.38,,,,,,
02/11/2016,23.73,65.91,1.43,1016.59,,,,,,
03/11/2016,25.64,59.76,2.23,1016.24,,,,,,
04/11/2016,24.81,58.3,4.12,1012.63,,,,,,
05/11/2016,23.12,66.58,5.78,1010.35,,,,,,
06/11/2016,22.93,63.85,2.41,1011.52,,,,,,
07/11/2016,24.55,51.32,8.17,1012.77,,,,,,
08/11/2016,23.73,52.27,12.75,1013.64,,,,,,
09/11/2016,23,49.7,7.07,1014.67,,,,,,
10/11/2016,23.52,50.15,3.23,1013.81,,,,,,
11/11/2016,23.92,54.04,2.97,1014.08,,,,,,
12/11/2016,23.54,58.04,2.78,1015.15,,,,,,
13/11/2016,24.3,55.81,4.4,1016.52,,,,,,
14/11/2016,23.35,60.73,1.5,1015.73,,,,,,
15/11/2016,22.24,55.72,4.09,1016.24,,,,,,
16/11/2016,21.77,53.23,7.14,1017.54,,,,,,
17/11/2016,21.73,51.73,11.55,1350.3,,,,,,
18/11/2016,21.73,53.62,7.78,1014.69,,,,,,
19/11/2016,20.67,60.67,2.84,1012.47,,,,,,
20/11/2016,22.25,59.9,2.51,1013.35,,,,,,
21/11/2016,21.54,60.46,2.72,1013,,,,,,
22/11/2016,22.58,50.16,8,1012.89,,,,,,
23/11/2016,22.83,51.43,6.6,1013.17,,,,,,
24/11/2016,21.42,51.47,8.29,1014.95,,,,,,
25/11/2016,23.6,30.55,15.09,1012.95,,,,,,
26/11/2016,24.29,32.65,14.49,1013.25,,,,,,
27/11/2016,23.64,33.64,12.46,1013.59,,,,,,
28/11/2016,22.45,37.32,9.19,12.05,,,,,,
29/11/2016,21.61,53.72,1.24,1015,,,,,,
30/11/2016,19.87,80.09,4.27,1016.61,,,,,,
01/12/2016,19.75,84,2.7,1016.88,,,,,,
02/12/2016,19.21,75.88,4.95,1017.75,,,,,,
03/12/2016,21.21,52.17,5.87,1019.33,,,,,,
04/12/2016,18.9,55.25,5.67,1019.7,,,,,,
05/12/2016,18.64,56.59,4.95,1017.05,,,,,,
06/12/2016,18.54,69.92,2.5,1017.96,,,,,,
07/12/2016,18.25,74.35,0.92,1017.42,,,,,,
08/12/2016,16.9,73.3,1.77,1016.2,,,,,,
09/12/2016,19.42,68.12,1.31,1013.42,,,,,,
10/12/2016,16.44,82.83,5.36,1014,,,,,,
11/12/2016,20.04,69.58,4.72,1013.29,,,,,,
12/12/2016,19.91,63.86,3.28,1014.18,,,,,,
13/12/2016,19.05,62.35,3.43,1015.1,,,,,,
14/12/2016,18.56,58.61,8.03,1017.33,,,,,,
15/12/2016,18.17,56.62,9.88,1016.67,,,,,,
16/12/2016,15.83,63.28,3.92,1018.78,,,,,,
17/12/2016,17.5,63.39,6.73,1016.95,,,,,,
18/12/2016,16.08,64.54,6.42,1018.08,,,,,,
19/12/2016,17.86,56.1,10.41,1017.43,,,,,,
20/12/2016,19.8,48.53,15.93,1015.2,,,,,,
21/12/2016,18.05,54.3,19.4,1015.62,,,,,,
22/12/2016,17.29,57.86,6.18,1016.14,,,,,,
23/12/2016,15.55,74.7,1.2,1014.25,,,,,,
24/12/2016,17.32,78.64,5.24,1011.32,,,,,,
25/12/2016,14,94.3,9.08,1014.35,,,,,,
26/12/2016,17.14,74.86,8.78,1016.95,,,,,,
27/12/2016,16.85,67.55,8.34,1017.2,,,,,,
28/12/2016,17.22,68.04,3.55,1015.57,,,,,,
29/12/2016,15.24,87.86,6,1016.9,,,,,,
30/12/2016,14.1,89.67,6.27,1017.9,,,,,,
31/12/2016,15.05,87,7.32,1016.1,,,,,,
01/01/2017,10,100,0,1016,,,,,,
01/01/2017,15.91,85.87,2.74,59,,,,,,
02/01/2017,18.5,77.22,2.89,1018.28,,,,,,
03/01/2017,17.11,81.89,4.02,1018.33,,,,,,
04/01/2017,18.7,70.05,4.54,1015.7,,,,,,
05/01/2017,18.39,74.94,3.3,1014.33,,,,,,
06/01/2017,19.32,79.32,8.68,1011.77,,,,,,
07/01/2017,14.71,95.83,10.04,1011.38,,,,,,
08/01/2017,15.68,83.53,1.95,1015.55,,,,,,
09/01/2017,14.57,80.81,6.54,1015.95,,,,,,
10/01/2017,12.11,71.94,9.36,1016.89,,,,,,
11/01/2017,11,72.11,9.77,1016.78,,,,,,
12/01/2017,11.79,74.58,6.63,1016.37,,,,,,
13/01/2017,13.24,67.06,6.44,1017.53,,,,,,
14/01/2017,13.2,74.28,5.28,1018.84,,,,,,
15/01/2017,16.43,72.57,3.63,1018.13,,,,,,
16/01/2017,14.65,78.45,10.38,1017.15,,,,,,
17/01/2017,11.72,84.44,8.04,1018.39,,,,,,
18/01/2017,13.04,78.33,6.03,1021.96,,,,,,
19/01/2017,14.62,75.14,10.34,1022.81,,,,,,
20/01/2017,15.26,66.47,11.23,1021.79,,,,,,
21/01/2017,15.39,70.87,13.7,1020.48,,,,,,
22/01/2017,18.44,76.24,5.87,1021.04,,,,,,
23/01/2017,18.12,76,6.75,1019.82,,,,,,
24/01/2017,18.35,68.13,3.39,1018.87,,,,,,
25/01/2017,21,69.96,8.76,1018.4,,,,,,
26/01/2017,16.18,91.64,8.47,1017.79,,,,,,
27/01/2017,16.5,77.04,14.36,1018.12,,,,,,
28/01/2017,14.86,82.77,9.69,1019.64,,,,,,
29/01/2017,15.67,81.78,10.29,1017.39,,,,,,
30/01/2017,16.44,77.56,4.32,1015.83,,,,,,
31/01/2017,16.12,76,4.62,1015.5,,,,,,
01/02/2017,15.25,78.62,5.1,1017.5,,,,,,
02/02/2017,17.09,66.55,3.03,1018.91,,,,,,
03/02/2017,15.64,78.18,1.85,1017.73,,,,,,
04/02/2017,18.7,77.6,9.82,1014.4,,,,,,
05/02/2017,18.63,77.63,8.1,1014.21,,,,,,
06/02/2017,16.89,69.67,9.04,1016,,,,,,
07/02/2017,15.12,63.75,7.64,1016.12,,,,,,
08/02/2017,15.7,68.4,4.08,1015.6,,,,,,
09/02/2017,15.38,68.38,7.88,1016.38,,,,,,
10/02/2017,14.67,71.78,9.07,1015.67,,,,,,
11/02/2017,15.62,64,3.95,1016.62,,,,,,
12/02/2017,16.25,70.38,1.62,1019.62,,,,,,
13/02/2017,16.33,67,6.38,1021.56,,,,,,
14/02/2017,16.88,65.5,6.96,1021.38,,,,,,
15/02/2017,17.57,67.71,5.56,1020.57,,,,,,
16/02/2017,20.25,56.75,10.44,1017.62,,,,,,
17/02/2017,21.3,64.4,9.28,1016.5,,,,,,
18/02/2017,21.12,70.75,6.25,1016.25,,,,,,
19/02/2017,22.36,66.09,6.05,1013,,,,,,
20/02/2017,23.38,60.12,6.94,1005.38,,,,,,
21/02/2017,21.83,69.42,12.34,1007.42,,,,,,
22/02/2017,19.12,57.12,7.41,1012.25,,,,,,
23/02/2017,18.62,42.88,14.35,1015.25,,,,,,
24/02/2017,19.12,40.38,16.66,1016.12,,,,,,
25/02/2017,19,50.43,11.93,1014.29,,,,,,
26/02/2017,18.75,59,11.11,1012.38,,,,,,
27/02/2017,19.88,58.38,5.1,1014.25,,,,,,
28/02/2017,23.33,51.67,3.91,1013.11,,,,,,
01/03/2017,24.46,47.92,6.42,1012.92,,,,,,
02/03/2017,23.75,54.25,5.93,1012.15,,,,,,
03/03/2017,20.5,42.5,7.41,1010.62,,,,,,
04/03/2017,19.12,43.12,8.35,1010,,,,,,
05/03/2017,19.75,41.25,9.96,1010.5,,,,,,
06/03/2017,20,42.44,9.67,1010.33,,,,,,
07/03/2017,22.62,41.5,6.02,1007.38,,,,,,
08/03/2017,21.55,52.73,10.26,1008.91,,,,,,
09/03/2017,20.79,69.07,8.34,1007.36,,,,,,
10/03/2017,19.94,67.75,11.46,1006.88,,,,,,
11/03/2017,18.53,60.4,5.57,1009.8,,,,,,
12/03/2017,17.38,56.62,7.64,1014.75,,,,,,
13/03/2017,17.44,49.33,9.06,1014.89,,,,,,
14/03/2017,18,56.33,4.52,1016.56,,,,,,
15/03/2017,19.88,54.75,7.18,1014.12,,,,,,
16/03/2017,24,49.2,5.56,1011.1,,,,,,
17/03/2017,20.9,59.7,11.49,1010.7,,,,,,
18/03/2017,24.69,46.31,7.12,1009.85,,,,,,
19/03/2017,24.67,52.28,9.16,1011.89,,,,,,
20/03/2017,23.33,54.67,10.08,1012.56,,,,,,
21/03/2017,25,49,9.26,1011.75,,,,,,
22/03/2017,27.25,45,10.19,1009.75,,,,,,
23/03/2017,28,49.75,3.49,1008.88,,,,,,
24/03/2017,28.92,37.67,10.03,1010.58,,,,,,
25/03/2017,26.5,39.38,10.42,1009.88,,,,,,
26/03/2017,29.1,37.1,17.59,1010.2,,,,,,
27/03/2017,29.5,38.62,13.65,1009.5,,,,,,
28/03/2017,29.89,40.67,8.84,1009,,,,,,
29/03/2017,31,34.5,13.2,1007.12,,,,,,
30/03/2017,29.29,36.86,10.59,1007.14,,,,,,
31/03/2017,30.62,37.62,6.95,1007.5,,,,,,
01/04/2017,31.38,35.12,9.04,1005,,,,,,
02/04/2017,29.75,33.75,9.26,1004.25,,,,,,
03/04/2017,30.5,29.75,6.94,1004.25,,,,,,
04/04/2017,30.93,31.87,14.32,1007.2,,,,,,
05/04/2017,29.23,46,14.38,1005,,,,,,
06/04/2017,31.22,26,13.58,1002.89,,,,,,
07/04/2017,27,29.88,4.65,1007.38,,,,,,
08/04/2017,25.62,29.38,8.34,1010.38,,,,,,
09/04/2017,27.12,21.12,14.12,1010.62,,,,,,
10/04/2017,27.86,19.43,19.31,1008.57,,,,,,
11/04/2017,29.25,17.75,15.51,1006.25,,,,,,
12/04/2017,29.25,26,9.49,1005.88,,,,,,
13/04/2017,29.67,29.11,4.94,1006.78,,,,,,
14/04/2017,30.5,37.62,1.39,1004.62,,,,,,
15/04/2017,31.22,30.44,5.97,1002.44,,,,,,
16/04/2017,31,34.25,2.1,1003.25,,,,,,
17/04/2017,32.56,38.44,5.37,1004.44,,,,,,
18/04/2017,34,27.33,7.81,1003.11,,,,,,
19/04/2017,33.5,24.12,9.02,1000.88,,,,,,
20/04/2017,34.5,27.5,5.56,998.62,,,,,,
21/04/2017,34.25,39.38,6.96,999.88,,,,,,
22/04/2017,32.9,40.9,8.89,1001.6,,,,,,
23/04/2017,32.88,27.5,9.96,1002.12,,,,,,
24/04/2017,32,27.14,12.16,1004.14,,,,,,
